-- MariaDB dump 10.17  Distrib 10.4.15-MariaDB, for Linux (x86_64)
--
-- Host: mysql.hostinger.ro    Database: u574849695_22
-- ------------------------------------------------------
-- Server version	10.4.15-MariaDB-cll-lve

/*!40101 SET @OLD_CHARACTER_SET_CLIENT=@@CHARACTER_SET_CLIENT */;
/*!40101 SET @OLD_CHARACTER_SET_RESULTS=@@CHARACTER_SET_RESULTS */;
/*!40101 SET @OLD_COLLATION_CONNECTION=@@COLLATION_CONNECTION */;
/*!40101 SET NAMES utf8mb4 */;
/*!40103 SET @OLD_TIME_ZONE=@@TIME_ZONE */;
/*!40103 SET TIME_ZONE='+00:00' */;
/*!40014 SET @OLD_UNIQUE_CHECKS=@@UNIQUE_CHECKS, UNIQUE_CHECKS=0 */;
/*!40014 SET @OLD_FOREIGN_KEY_CHECKS=@@FOREIGN_KEY_CHECKS, FOREIGN_KEY_CHECKS=0 */;
/*!40101 SET @OLD_SQL_MODE=@@SQL_MODE, SQL_MODE='NO_AUTO_VALUE_ON_ZERO' */;
/*!40111 SET @OLD_SQL_NOTES=@@SQL_NOTES, SQL_NOTES=0 */;

--
-- Table structure for table `communities`
--

DROP TABLE IF EXISTS `communities`;
/*!40101 SET @saved_cs_client     = @@character_set_client */;
/*!40101 SET character_set_client = utf8 */;
CREATE TABLE `communities` (
  `id` bigint(20) unsigned NOT NULL AUTO_INCREMENT,
  `name` varchar(145) COLLATE utf8mb4_unicode_ci NOT NULL,
  `description` varchar(245) COLLATE utf8mb4_unicode_ci DEFAULT NULL,
  `admin_id` bigint(20) unsigned NOT NULL,
  PRIMARY KEY (`id`),
  KEY `fk_communities_users_admin_idx` (`admin_id`),
  CONSTRAINT `fk_communities_users` FOREIGN KEY (`admin_id`) REFERENCES `users` (`id`)
) ENGINE=InnoDB AUTO_INCREMENT=101 DEFAULT CHARSET=utf8mb4 COLLATE=utf8mb4_unicode_ci;
/*!40101 SET character_set_client = @saved_cs_client */;

--
-- Dumping data for table `communities`
--

LOCK TABLES `communities` WRITE;
/*!40000 ALTER TABLE `communities` DISABLE KEYS */;
INSERT INTO `communities` VALUES (1,'autem','Voluptatem et pariatur blanditiis. Assumenda quia corporis omnis voluptatibus. Aspernatur suscipit eum facilis ipsam possimus. Deleniti quia placeat aliquid quisquam necessitatibus qui dolor. Cumque et et minus.',1),(2,'et','Laudantium molestiae quas et dolorem consectetur. Veritatis quia possimus quod reiciendis laboriosam deserunt ex. Sapiente corporis ex fugit eum nihil blanditiis veniam.',2),(3,'eius','Deleniti reiciendis laborum ad quae alias fuga. Cum nobis laudantium rerum autem.',3),(4,'iure','Architecto alias officiis eius qui vitae beatae enim. Fugiat eligendi et occaecati excepturi. Et voluptate soluta corporis dicta eos. Quod architecto numquam error nisi dolores.',4),(5,'deserunt','Sit voluptatum sunt eaque autem dicta et similique. Ea odit dolor nemo aliquid officia ullam ab quam. Illum a fugiat consequuntur unde. Quo fugiat recusandae nostrum sequi est.',5),(6,'aut','Dolores voluptatem et est ex et nam aut. Consequatur nulla aspernatur reprehenderit harum ad. Eum quidem occaecati praesentium quos neque. Facilis illum non aut temporibus vel atque assumenda.',6),(7,'quia','Quia sit alias quaerat sit est repellat vel qui. Qui ut earum laboriosam qui nam. Ipsum tempore aut culpa sit vel. Dolores enim quas architecto quia impedit quas blanditiis. Harum vitae deserunt ab commodi laboriosam aut.',7),(8,'dignissimos','Possimus eos sed rerum. Repellat quam corporis tempore maxime rerum. Omnis qui eum nam corporis iusto fuga.',8),(9,'repellat','Quia eveniet illum architecto quod. Rerum voluptates nam autem unde dolor magnam. Ipsam porro labore velit enim omnis non repellat nostrum. Fuga est sequi veniam dolorem dolores eum.',9),(10,'perferendis','Voluptatem quae sed quo numquam aut. Atque quo labore deserunt in et. Vel consequatur expedita ipsam tempora qui eaque esse.',10),(11,'sit','Maxime quia quaerat ea. Facere autem voluptates aliquid asperiores libero aliquid a. Hic vitae et corrupti aliquam. Iste porro cum dolore aut.',11),(12,'cupiditate','Voluptatem deleniti neque quis eaque laborum inventore autem. Dolor consequuntur nesciunt voluptate. Et sed sunt vitae libero laudantium fugiat.',12),(13,'rem','Molestias doloribus consectetur explicabo quam. Dolores dicta molestiae aut velit. Voluptas consequuntur quas et et. Officiis dolore porro beatae maiores ipsa veritatis. Quisquam maiores et voluptatem et harum accusantium.',13),(14,'eveniet','Vel ut molestiae reiciendis. Cum tenetur soluta adipisci necessitatibus et dolores at. Eligendi tempore eaque rerum sint. Itaque qui cum inventore delectus et consectetur.',14),(15,'similique','Nulla dolores facere molestiae eveniet. Rerum necessitatibus voluptates non nemo expedita rerum dolorum. Veritatis dolor qui repudiandae veritatis sit. Facilis quos eaque porro adipisci.',15),(16,'cupiditate','Aliquam ut ratione consequatur reiciendis omnis. Sapiente quia culpa aliquid. Et quis enim vel quis. Repellendus maxime ut velit minima occaecati in.',16),(17,'tempore','Qui id voluptatem reiciendis qui impedit qui rerum quisquam. Id sed dolores cumque eveniet tenetur neque quia. Praesentium eligendi consequatur molestiae quo veniam architecto labore explicabo. Dolor est ut excepturi quo. Porro iste eum rem earu',17),(18,'enim','Tenetur incidunt sit eos. Nihil et tenetur enim odio assumenda ut hic nihil. Aperiam eveniet voluptates aut quia ea dolor sit in. Nesciunt aut sed non. Aut animi maiores adipisci.',18),(19,'voluptatem','Nostrum deserunt ab et. Molestiae quia et accusantium sed quasi. Molestiae sit quia consequuntur explicabo vero perferendis praesentium. Eos incidunt omnis consectetur debitis minus est ut.',19),(20,'velit','Non numquam id fugiat eaque numquam. Voluptas et amet error beatae est mollitia nihil. Magni aperiam rerum vel laboriosam natus quis.',20),(21,'qui','Quidem itaque aliquid ullam. Minus explicabo impedit consequatur eius et. Labore ipsum fugiat eos voluptas id in aut iure.',21),(22,'velit','Laudantium dolorem ipsam ipsum odit excepturi. Nulla magni incidunt omnis nihil corrupti aut possimus. Numquam sequi officiis autem eum doloribus laborum.',22),(23,'velit','Enim architecto sunt eius aut possimus labore recusandae. Voluptatem sunt ab sed eum. Vel voluptate repudiandae et possimus voluptates corporis neque. Repellendus sed nemo vel corrupti iure.',23),(24,'dolor','Unde architecto voluptatem recusandae modi libero. Et aut repellat voluptatem consequatur qui.',24),(25,'cum','Molestiae modi molestiae deserunt numquam error. Nobis sed voluptatem necessitatibus ullam quae quo ut. Id cumque vel quo enim voluptatem. Porro vitae voluptatem possimus voluptas rerum. Sit sint quis illum quia culpa et quas.',25),(26,'molestias','Ratione fugit et quaerat quaerat perferendis provident non. Velit sunt maxime voluptatibus deserunt aut quidem quasi dolor. Quaerat maiores sit suscipit ut omnis illo quia.',26),(27,'pariatur','Maiores et necessitatibus aut magnam non mollitia. Quam accusamus quibusdam autem saepe omnis qui. Nihil vitae et voluptatem et officia.',27),(28,'et','Incidunt at omnis ea esse esse. Animi ut minima sequi temporibus molestias ratione. Amet expedita odit quasi accusantium omnis enim culpa.',28),(29,'natus','Quia autem tempora optio quo eos. Itaque delectus et minus. Qui et dolore non voluptatem.',29),(30,'corrupti','Vel voluptas omnis at repellendus. Quis corrupti qui neque est sequi. Omnis inventore corporis aliquam sit nostrum. Suscipit maxime quia maxime velit.',30),(31,'ut','Dicta voluptatem aut aut omnis voluptatibus hic. Ratione suscipit aperiam labore quibusdam voluptatem sed omnis. Qui et quas dolores ullam ea. Et provident ad repellendus nihil velit et est sint.',31),(32,'accusantium','Consequatur quidem quia nulla dolores ipsum non dolores reiciendis. Possimus nam dolorem omnis voluptates. Nobis dolorum natus quia explicabo ut inventore aperiam quo. Laudantium omnis tempore aspernatur.',32),(33,'molestias','Animi perferendis sequi enim eius animi et. Sed labore praesentium quo asperiores id fugit. In eum ut harum. Qui dolorem neque voluptas et harum sed.',33),(34,'ad','Non est autem totam et dolorem et velit. Enim consectetur alias repudiandae quo sint laborum. Ut exercitationem quo sit laborum tempora in quis. Suscipit id magni doloremque repellat et nihil libero.',34),(35,'odio','Ea quia dignissimos doloremque et neque ducimus. Asperiores consequatur et minus aliquid et et dolorum. Eum fugiat eligendi quia maiores reprehenderit cupiditate. Ut modi voluptatem nihil excepturi natus. Aperiam fugiat ullam error est possimus ',35),(36,'enim','Dolores eum non reprehenderit omnis. Ab voluptas possimus excepturi adipisci consequatur nihil corporis. Ea pariatur quo quia et aut rerum est.',36),(37,'iure','Architecto enim eos et sint nemo et. Provident culpa in quos voluptatem eaque. Blanditiis sint porro laudantium dolor ratione. Natus non officiis autem adipisci.',37),(38,'consectetur','Vero autem est hic eum voluptatem aut sed earum. At et autem dolorum non. Et eveniet est doloribus error. Quis omnis doloremque fugiat ab ut quod qui.',38),(39,'labore','At consequatur praesentium nulla nemo fuga esse ducimus. Veniam sit eum voluptatem sunt et. Sint est reiciendis dolorum.',39),(40,'quis','Id saepe possimus rem et non. Consequuntur autem id eius placeat tempore dolor. Aliquid repellat quas maxime omnis saepe nobis.',40),(41,'repudiandae','Quibusdam quos sint aut mollitia voluptatem nostrum. Quo voluptatem nulla in rerum. Illum ipsa iusto quam sunt incidunt. Dolorum saepe quam unde nisi.',41),(42,'quod','Consequatur quod et sunt est molestiae autem. Necessitatibus sed voluptatum dolorum quia nihil ullam. Aut sit nihil accusamus ut non vel.',42),(43,'eum','Quam sed quod facilis tenetur. Voluptatibus voluptatem error magnam ex. Doloremque occaecati rerum iusto totam.',43),(44,'reprehenderit','Delectus cumque sit nesciunt natus. Non ducimus sunt possimus voluptas alias minus cum. Facilis aspernatur exercitationem iure est neque rerum rerum. Est ipsa aspernatur sit. Assumenda reprehenderit illum error nihil maiores nostrum impedit.',44),(45,'itaque','Dolor dolor eaque impedit ea ut animi. Asperiores quibusdam iste omnis neque. Velit nobis excepturi sunt et odio non et. Praesentium corporis tempora ullam voluptates placeat.',45),(46,'maxime','Occaecati accusamus et veniam sed voluptatem possimus. Aliquid ratione ea nihil iste earum commodi vero. In harum dolores repudiandae quia saepe. Et nulla quisquam deserunt ut.',46),(47,'laboriosam','Aut dolores explicabo accusamus vero eos. Laboriosam alias totam quis doloribus nihil et. Nostrum autem eum laboriosam consequuntur natus natus labore.',47),(48,'dolorum','Velit eveniet magni inventore et et. Placeat ut cumque aliquid eveniet. Quod voluptatibus officia cum et quisquam eum. Cum veritatis et eos soluta est.',48),(49,'sequi','Nemo dignissimos maxime laborum voluptas fuga minus. Eius eius nam porro similique. Et dolorum omnis corrupti.',49),(50,'omnis','Cum debitis itaque asperiores aliquam quia dolor. Repudiandae ut et iusto. Quidem doloribus mollitia nemo vel enim facilis. Est iusto quia omnis ut quidem voluptas quae.',50),(51,'omnis','Ut nam voluptatibus commodi maiores voluptas et vel. Quis voluptatem labore occaecati voluptatem atque cupiditate saepe. Neque ad aliquid commodi enim quia. At exercitationem doloribus id quo corrupti aut.',51),(52,'quod','Commodi ad commodi voluptate aut. Dolorem sint ducimus et nam non qui. Debitis distinctio aspernatur sed harum eligendi. Voluptatum qui aliquid quis numquam voluptatem.',52),(53,'cumque','Aliquid id eos eum in. Et ut sapiente tempora quia ipsa nemo. Inventore iure est ad sit fugit qui. Inventore qui vel dolores voluptatem quia vel culpa.',53),(54,'vitae','Nihil reiciendis placeat qui ducimus voluptatum aut blanditiis ullam. Impedit est commodi doloremque beatae officia quod et. Quasi magnam molestiae sit occaecati blanditiis est. Sunt iusto nostrum consequatur hic porro.',54),(55,'aspernatur','Quia ut similique qui harum. Culpa esse rerum animi ipsa consequuntur delectus. Qui ex dolores consequatur amet. Voluptatem et autem ullam. Est repellat sit ad quia aliquid.',55),(56,'pariatur','Voluptatem voluptate ea ipsum veritatis sequi. Et quis animi ducimus optio. Sit corporis est sed in. Molestiae laboriosam quaerat qui eos ipsam vero sunt.',56),(57,'animi','Voluptatibus eos cumque alias sed. Molestiae deserunt non aspernatur. Quia laborum delectus consequatur voluptates natus. Error nisi maxime officiis et qui.',57),(58,'aliquam','Quo et quod sint aut ipsum nihil voluptate similique. Esse ipsum ipsa eligendi mollitia. Reiciendis ut sit corrupti quod. Quia aspernatur ab quae illo.',58),(59,'dolor','Nisi nisi sint sint consequatur labore ratione maxime qui. Facere ipsa voluptas natus quod. Sequi dolorem ut quam dolores magni at magnam.',59),(60,'maiores','Cupiditate molestiae aliquam voluptatem est omnis. Atque voluptates voluptate perferendis sed. Aut saepe qui illum facere consequatur praesentium quo molestiae. Quia non nihil culpa quam eum.',60),(61,'labore','Eius ut saepe non molestias dolorem laborum. Possimus enim velit quasi officia. Corrupti dolores labore eveniet quaerat. Voluptatum inventore voluptatem aut. Iusto ad enim quisquam perferendis quia eos eos.',61),(62,'ut','Earum est enim qui. Id labore cupiditate sit nobis iusto. Consequuntur ut sed quos eum. Ab rerum sit beatae sit ut atque a ex.',62),(63,'qui','Molestiae deserunt iste omnis vero. Soluta suscipit quibusdam molestiae totam molestias nihil. Vero reiciendis accusantium ipsa.',63),(64,'recusandae','Deleniti qui harum perferendis deleniti. Molestias iusto quis sunt ducimus exercitationem.',64),(65,'et','Porro eaque tempore et ipsa alias sunt. Voluptatem nihil est dolores tempore expedita itaque aut praesentium. Suscipit cum vel qui placeat sed quis.',65),(66,'tempore','Iure natus unde omnis veniam porro illum perferendis voluptatem. Ut labore itaque mollitia nisi. Non mollitia quis vitae blanditiis dolor magni.',66),(67,'temporibus','Quidem totam qui consequatur corrupti. Odio quia corporis aut quia nulla repudiandae. Et velit commodi animi ratione non in.',67),(68,'sit','Facilis laboriosam maiores voluptates et praesentium voluptatem. Qui rerum voluptatem non voluptates dolores. Neque provident mollitia dolores quam quae aut. Doloremque animi sapiente modi eius sit.',68),(69,'non','Fuga voluptate expedita cumque reiciendis. Libero aspernatur rerum rerum tenetur sed sunt perspiciatis. Ullam mollitia accusantium neque adipisci alias nulla est voluptas. Quaerat minus velit temporibus et et.',69),(70,'rem','Voluptas quod voluptatem et porro. Deserunt voluptas eveniet necessitatibus tempora porro iure. Accusamus voluptas libero corporis nihil in quos aut.',70),(71,'non','Doloremque iusto excepturi rerum. Quia est error fugit nobis rerum dolor velit. Quos ab accusantium alias. Aut doloremque deleniti dolores nostrum.',71),(72,'sint','Ut voluptatem aut facilis est autem. Ut velit officiis commodi pariatur distinctio sed minus aut. Est qui occaecati aperiam minus quisquam dignissimos ratione.',72),(73,'quo','Perspiciatis accusamus voluptatem sapiente. Aut autem similique et voluptatum soluta asperiores. Illum cumque qui quos. Illum qui ut recusandae dolore in.',73),(74,'perferendis','Voluptatem maiores facilis et. Dolore id explicabo laudantium consequatur omnis temporibus assumenda eligendi. Veniam vel vel fugiat nam ipsa. Ducimus eum et placeat ad cumque consequatur.',74),(75,'omnis','Omnis eligendi nulla expedita aut. Ut sed exercitationem optio.',75),(76,'ut','Nisi et illum aspernatur soluta sit libero debitis. Aperiam enim voluptatem molestiae voluptatibus. In exercitationem laborum quis porro commodi quo odit.',76),(77,'voluptatum','Quia asperiores magnam deserunt molestias. Nobis vel tempora laborum occaecati reiciendis iure. Consequuntur ducimus qui voluptatum cum pariatur omnis omnis. Ducimus est sequi quisquam et.',77),(78,'deserunt','Qui soluta ab aut quo enim quae. Laborum minima aliquid qui. Accusamus laudantium qui est. Eligendi dolores non excepturi consequatur sapiente.',78),(79,'eum','Beatae eos officiis libero pariatur labore mollitia id. Perferendis magni inventore ab inventore illo. Eos qui nulla quasi possimus velit doloremque suscipit. Veritatis quia totam nesciunt illum iusto qui nobis.',79),(80,'quaerat','Accusamus recusandae quam earum cum et accusamus. Excepturi illo laboriosam sed sed fuga. Illum quod corrupti sequi cumque distinctio qui aperiam. Autem officia qui impedit.',80),(81,'qui','Eaque temporibus alias pariatur eaque. Iure molestias sed accusantium sapiente et. Cum reiciendis similique temporibus aspernatur est.',81),(82,'consectetur','Praesentium sed dolor totam tempora autem. Similique maiores non asperiores enim est. Cum soluta sapiente mollitia voluptatum quia explicabo et dolorum.',82),(83,'aut','Voluptates voluptatem blanditiis ad. Voluptatem voluptas sequi est eligendi. Et voluptatem voluptate eos non dolor et.',83),(84,'quam','Animi facere possimus occaecati officia quas. Qui nisi corporis dolorem omnis impedit aspernatur et. Rerum veniam saepe a vel.',84),(85,'fuga','Pariatur tempore doloribus sit quo rerum non adipisci. Ab autem ratione minima quae eaque temporibus. Quibusdam eos non consequatur autem corporis provident et. Sed architecto aut tempora molestias.',85),(86,'quos','Sed ipsam omnis tenetur quibusdam et ut. Porro culpa odio neque vel. Eum ipsa aperiam nostrum odit illum quisquam.',86),(87,'tempora','Non nobis itaque soluta at aut dolores. Qui quaerat ducimus dicta quia nam tempore accusamus. Tempora quia tempora voluptatum dolores reprehenderit vero vel.',87),(88,'ut','Ea necessitatibus quaerat quia quam. Ut ipsum aut deserunt porro quas. Omnis in harum eum voluptatum quis sunt. Impedit velit tenetur sed cumque.',88),(89,'et','Et repellendus officiis quo aspernatur aut. Voluptatem sunt ea commodi quia natus assumenda. Dolorem suscipit quis vel est.',89),(90,'amet','Aut unde ut debitis ducimus tenetur. Magnam a sed dolorum consequatur. Assumenda quo quia quaerat quod distinctio dolorem voluptatem. Veritatis velit et deleniti.',90),(91,'non','Suscipit nobis incidunt nulla natus perspiciatis voluptas ducimus dolor. Et nostrum quis non ut et porro fugit. Perspiciatis earum et aperiam iure corrupti animi ratione. Assumenda qui eveniet nulla ut aut repellat.',91),(92,'rerum','Ea facere facilis dignissimos placeat repudiandae. Soluta illo ut natus voluptatem. Autem delectus et eaque velit.',92),(93,'qui','Itaque beatae reiciendis blanditiis neque neque tenetur tempore. Officiis necessitatibus amet nihil qui dolor. Voluptas velit ratione praesentium quia. Sunt perferendis minus voluptates consectetur eum et fugit ut.',93),(94,'voluptas','Inventore assumenda molestiae magnam facere quis voluptatibus aperiam. Molestiae alias quidem magni. Asperiores eius aliquid perferendis corrupti eos facere.',94),(95,'ipsum','Neque quia provident necessitatibus. Occaecati sint quia asperiores dolor. Voluptatem non consectetur sed sit pariatur necessitatibus.',95),(96,'consequatur','Eius nihil ut quidem nulla ab quia voluptatum. Id quis doloribus consequuntur. Fugiat porro voluptatum quasi ut. Tenetur et atque provident et.',96),(97,'quisquam','Laborum enim qui laboriosam dignissimos asperiores ullam. Veritatis nisi molestias repellat libero molestias id ea. Fugiat possimus ullam non.',97),(98,'doloremque','Maiores ut qui omnis nesciunt error aut. Deleniti facilis enim molestias ut placeat a est.',98),(99,'quod','Nesciunt earum atque voluptatem a cupiditate. Necessitatibus sunt quod impedit laudantium non. Incidunt quis odit voluptatem autem. Illo omnis quo quibusdam deserunt et.',99),(100,'aut','Aut accusantium architecto rerum vel minus accusantium illo. Aperiam dignissimos omnis odio ut. Voluptates architecto nesciunt sed sit assumenda consectetur enim quod.',100);
/*!40000 ALTER TABLE `communities` ENABLE KEYS */;
UNLOCK TABLES;

--
-- Table structure for table `communities_users`
--

DROP TABLE IF EXISTS `communities_users`;
/*!40101 SET @saved_cs_client     = @@character_set_client */;
/*!40101 SET character_set_client = utf8 */;
CREATE TABLE `communities_users` (
  `community_id` bigint(20) unsigned NOT NULL,
  `user_id` bigint(20) unsigned NOT NULL,
  `created_at` datetime NOT NULL DEFAULT current_timestamp(),
  PRIMARY KEY (`community_id`,`user_id`),
  KEY `communities_users_comm_idx` (`community_id`),
  KEY `communities_users_users_idx` (`user_id`),
  CONSTRAINT `fk_communities_users_comm` FOREIGN KEY (`community_id`) REFERENCES `communities` (`id`),
  CONSTRAINT `fk_communities_users_users` FOREIGN KEY (`user_id`) REFERENCES `users` (`id`)
) ENGINE=InnoDB DEFAULT CHARSET=utf8mb4 COLLATE=utf8mb4_unicode_ci;
/*!40101 SET character_set_client = @saved_cs_client */;

--
-- Dumping data for table `communities_users`
--

LOCK TABLES `communities_users` WRITE;
/*!40000 ALTER TABLE `communities_users` DISABLE KEYS */;
INSERT INTO `communities_users` VALUES (1,1,'1988-08-30 00:29:33'),(2,2,'2008-07-11 07:02:01'),(3,3,'1990-09-12 00:45:09'),(4,4,'1980-09-26 19:14:34'),(5,5,'1977-04-25 17:47:50'),(6,6,'1980-07-17 19:22:38'),(7,7,'1985-05-13 04:38:55'),(8,8,'2013-02-17 19:52:47'),(9,9,'1982-06-15 01:07:58'),(10,10,'2003-02-08 12:55:27'),(11,11,'2011-10-18 17:12:26'),(12,12,'1993-07-20 00:43:10'),(13,13,'1984-05-21 01:38:45'),(14,14,'1973-03-07 21:21:20'),(15,15,'2007-10-16 21:01:51'),(16,16,'1984-10-03 04:55:08'),(17,17,'1994-05-22 04:26:04'),(18,18,'2019-10-24 04:59:14'),(19,19,'2006-05-15 11:57:08'),(20,20,'2018-08-29 14:11:59'),(21,21,'1984-04-21 17:49:27'),(22,22,'1999-04-23 18:55:46'),(23,23,'2017-12-14 13:17:22'),(24,24,'2018-05-19 20:44:27'),(25,25,'2009-10-04 21:17:49'),(26,26,'1980-01-07 15:26:56'),(27,27,'1986-04-23 13:59:34'),(28,28,'2005-01-20 04:14:25'),(29,29,'1998-03-11 07:05:22'),(30,30,'2012-12-07 05:37:19'),(31,31,'1979-01-12 18:47:52'),(32,32,'2007-07-30 20:19:58'),(33,33,'2004-05-24 16:07:56'),(34,34,'1981-12-06 18:07:55'),(35,35,'2020-03-28 18:44:11'),(36,36,'1978-02-14 14:23:28'),(37,37,'1975-07-02 04:12:45'),(38,38,'1987-02-28 21:15:48'),(39,39,'1981-05-14 19:43:54'),(40,40,'1991-02-12 01:44:53'),(41,41,'2015-09-19 00:09:15'),(42,42,'1994-07-06 11:01:25'),(43,43,'1991-12-13 20:03:49'),(44,44,'1974-10-19 03:16:09'),(45,45,'2015-11-10 00:08:30'),(46,46,'1982-11-02 13:36:15'),(47,47,'1985-06-27 15:45:17'),(48,48,'1976-12-20 01:11:20'),(49,49,'1991-09-06 11:05:51'),(50,50,'1986-12-27 11:34:27'),(51,51,'1991-09-12 05:18:57'),(52,52,'2001-02-22 06:36:59'),(53,53,'1974-03-03 00:22:59'),(54,54,'2004-07-29 23:53:19'),(55,55,'2017-07-24 03:01:39'),(56,56,'1997-03-18 14:36:47'),(57,57,'1989-10-18 22:19:45'),(58,58,'1987-09-19 02:40:39'),(59,59,'2002-01-17 10:55:07'),(60,60,'1971-08-26 20:21:28'),(61,61,'1971-08-03 16:04:13'),(62,62,'1971-05-22 14:33:23'),(63,63,'2000-07-12 01:42:15'),(64,64,'1982-07-03 08:25:31'),(65,65,'2000-04-21 05:55:52'),(66,66,'2019-11-27 06:25:17'),(67,67,'1993-09-27 19:07:59'),(68,68,'1997-11-16 23:43:54'),(69,69,'2011-12-23 09:15:14'),(70,70,'2013-06-09 23:01:54'),(71,71,'2003-07-05 03:58:42'),(72,72,'1973-10-03 11:46:34'),(73,73,'1977-07-13 00:00:43'),(74,74,'1984-09-11 18:13:34'),(75,75,'1975-04-13 01:24:55'),(76,76,'1983-03-19 17:27:46'),(77,77,'2002-10-24 04:10:31'),(78,78,'1986-05-15 04:16:28'),(79,79,'1990-04-30 10:55:32'),(80,80,'1971-08-23 10:25:09'),(81,81,'1981-02-23 08:35:19'),(82,82,'1975-01-11 16:21:10'),(83,83,'1997-02-19 22:59:33'),(84,84,'1980-10-31 02:10:38'),(85,85,'1990-11-04 00:23:11'),(86,86,'1992-11-10 22:50:01'),(87,87,'1998-09-01 15:35:40'),(88,88,'1999-04-11 18:52:04'),(89,89,'1979-02-26 01:30:10'),(90,90,'2020-02-10 17:55:51'),(91,91,'2010-11-17 13:29:54'),(92,92,'1982-06-18 10:24:43'),(93,93,'1989-10-22 16:26:46'),(94,94,'2018-05-06 10:27:26'),(95,95,'1990-03-08 19:30:47'),(96,96,'2020-09-11 03:54:58'),(97,97,'1994-06-28 09:16:57'),(98,98,'1994-12-30 08:59:13'),(99,99,'2000-09-19 22:51:49'),(100,100,'2016-11-14 00:04:50');
/*!40000 ALTER TABLE `communities_users` ENABLE KEYS */;
UNLOCK TABLES;

--
-- Table structure for table `friend_requests`
--

DROP TABLE IF EXISTS `friend_requests`;
/*!40101 SET @saved_cs_client     = @@character_set_client */;
/*!40101 SET character_set_client = utf8 */;
CREATE TABLE `friend_requests` (
  `from_user_id` bigint(20) unsigned NOT NULL,
  `to_user_id` bigint(20) unsigned NOT NULL,
  `accepted` tinyint(1) DEFAULT 0,
  PRIMARY KEY (`from_user_id`,`to_user_id`),
  KEY `fk_friend_requests_from_user_idx` (`from_user_id`),
  KEY `fk_friend_requests_to_user_idx` (`to_user_id`),
  CONSTRAINT `fk_friend_requests_users_1` FOREIGN KEY (`from_user_id`) REFERENCES `users` (`id`),
  CONSTRAINT `fk_friend_requests_users_2` FOREIGN KEY (`to_user_id`) REFERENCES `users` (`id`)
) ENGINE=InnoDB DEFAULT CHARSET=utf8mb4 COLLATE=utf8mb4_unicode_ci;
/*!40101 SET character_set_client = @saved_cs_client */;

--
-- Dumping data for table `friend_requests`
--

LOCK TABLES `friend_requests` WRITE;
/*!40000 ALTER TABLE `friend_requests` DISABLE KEYS */;
INSERT INTO `friend_requests` VALUES (1,1,0),(2,2,0),(3,3,0),(4,4,0),(5,5,0),(6,6,0),(7,7,0),(8,8,0),(9,9,0),(10,10,0),(11,11,0),(12,12,0),(13,13,0),(14,14,0),(15,15,0),(16,16,0),(17,17,0),(18,18,0),(19,19,0),(20,20,0),(21,21,0),(22,22,0),(23,23,0),(24,24,0),(25,25,0),(26,26,0),(27,27,0),(28,28,0),(29,29,0),(30,30,0),(31,31,0),(32,32,0),(33,33,0),(34,34,0),(35,35,0),(36,36,0),(37,37,0),(38,38,0),(39,39,0),(40,40,0),(41,41,0),(42,42,0),(43,43,0),(44,44,0),(45,45,0),(46,46,0),(47,47,0),(48,48,0),(49,49,0),(50,50,0),(51,51,0),(52,52,0),(53,53,0),(54,54,0),(55,55,0),(56,56,0),(57,57,0),(58,58,0),(59,59,0),(60,60,0),(61,61,0),(62,62,0),(63,63,0),(64,64,0),(65,65,0),(66,66,0),(67,67,0),(68,68,0),(69,69,0),(70,70,0),(71,71,0),(72,72,0),(73,73,0),(74,74,0),(75,75,0),(76,76,0),(77,77,0),(78,78,0),(79,79,0),(80,80,0),(81,81,0),(82,82,0),(83,83,0),(84,84,0),(85,85,0),(86,86,0),(87,87,0),(88,88,0),(89,89,0),(90,90,0),(91,91,0),(92,92,0),(93,93,0),(94,94,0),(95,95,0),(96,96,0),(97,97,0),(98,98,0),(99,99,0),(100,100,0);
/*!40000 ALTER TABLE `friend_requests` ENABLE KEYS */;
UNLOCK TABLES;

--
-- Table structure for table `media`
--

DROP TABLE IF EXISTS `media`;
/*!40101 SET @saved_cs_client     = @@character_set_client */;
/*!40101 SET character_set_client = utf8 */;
CREATE TABLE `media` (
  `id` bigint(20) unsigned NOT NULL AUTO_INCREMENT,
  `user_id` bigint(20) unsigned NOT NULL,
  `media_types_id` int(10) unsigned NOT NULL,
  `file_name` varchar(245) COLLATE utf8mb4_unicode_ci DEFAULT NULL COMMENT '/files/folder/img.png',
  `file_size` bigint(20) DEFAULT NULL,
  `created_at` datetime NOT NULL DEFAULT current_timestamp(),
  PRIMARY KEY (`id`),
  KEY `fk_media_users_idx` (`user_id`),
  KEY `fk_media_media_types` (`media_types_id`),
  CONSTRAINT `fk_media_media_types` FOREIGN KEY (`media_types_id`) REFERENCES `media_types` (`id`),
  CONSTRAINT `fk_media_users` FOREIGN KEY (`user_id`) REFERENCES `users` (`id`)
) ENGINE=InnoDB AUTO_INCREMENT=101 DEFAULT CHARSET=utf8mb4 COLLATE=utf8mb4_unicode_ci;
/*!40101 SET character_set_client = @saved_cs_client */;

--
-- Dumping data for table `media`
--

LOCK TABLES `media` WRITE;
/*!40000 ALTER TABLE `media` DISABLE KEYS */;
INSERT INTO `media` VALUES (1,1,1,'ut',259,'2004-09-08 07:46:35'),(2,2,2,'soluta',305,'2004-03-30 10:10:23'),(3,3,3,'dolorem',35064,'2017-08-16 22:49:08'),(4,4,4,'eaque',647,'2000-11-10 13:19:54'),(5,5,1,'numquam',90973,'1981-07-13 07:14:38'),(6,6,2,'enim',24281,'2011-03-12 05:02:44'),(7,7,3,'alias',809359,'1995-12-04 12:50:21'),(8,8,4,'sequi',2324,'2015-05-08 07:44:03'),(9,9,1,'repellendus',6206215,'2016-02-16 21:23:49'),(10,10,2,'cumque',979,'2002-11-02 02:24:46'),(11,11,3,'doloribus',3193832,'2000-01-18 21:34:12'),(12,12,4,'nemo',2,'2013-12-31 11:06:35'),(13,13,1,'harum',875241,'1985-06-05 20:48:56'),(14,14,2,'doloremque',69458,'1987-01-30 18:36:07'),(15,15,3,'in',0,'2003-07-24 21:37:14'),(16,16,4,'iure',73,'1996-07-27 20:54:59'),(17,17,1,'magni',664121,'2007-11-11 17:09:16'),(18,18,2,'aut',7,'1994-04-11 11:08:32'),(19,19,3,'ut',49,'1975-08-09 23:07:23'),(20,20,4,'quod',66,'1992-12-09 14:10:12'),(21,21,1,'temporibus',818,'2012-01-06 03:18:05'),(22,22,2,'sit',672123457,'2013-07-01 02:10:30'),(23,23,3,'est',9,'1989-11-22 22:30:14'),(24,24,4,'sed',9616,'1973-03-24 03:08:15'),(25,25,1,'ad',91317953,'2005-04-29 10:47:07'),(26,26,2,'dignissimos',919403409,'2012-10-26 17:42:05'),(27,27,3,'quas',948611639,'1991-11-05 20:49:53'),(28,28,4,'et',743837868,'1970-09-20 15:08:00'),(29,29,1,'dolor',75,'2010-09-14 02:05:58'),(30,30,2,'et',0,'2020-04-12 00:09:09'),(31,31,3,'odio',25395,'1987-09-25 19:46:53'),(32,32,4,'et',774366169,'2019-07-06 21:03:18'),(33,33,1,'iusto',34,'1992-01-25 21:52:11'),(34,34,2,'culpa',471955444,'1972-01-12 11:08:58'),(35,35,3,'ex',141415974,'2018-11-25 17:12:34'),(36,36,4,'praesentium',79,'1981-03-27 13:43:52'),(37,37,1,'eum',612888,'2003-05-10 19:25:54'),(38,38,2,'corrupti',985191,'2011-07-18 04:56:01'),(39,39,3,'et',482810,'1973-03-27 13:30:21'),(40,40,4,'dolor',85,'1976-10-23 14:50:49'),(41,41,1,'omnis',3,'1987-04-05 15:24:43'),(42,42,2,'accusantium',429372,'1978-07-08 11:37:53'),(43,43,3,'in',78,'1976-10-08 07:00:09'),(44,44,4,'excepturi',44416252,'2004-10-15 23:20:07'),(45,45,1,'perspiciatis',17597,'2006-06-12 18:55:23'),(46,46,2,'non',497253,'1988-04-21 13:39:45'),(47,47,3,'explicabo',4,'1981-03-22 05:00:06'),(48,48,4,'sit',648365416,'1987-04-09 05:01:51'),(49,49,1,'aperiam',0,'2010-02-26 01:15:41'),(50,50,2,'voluptas',56,'2008-09-25 17:30:43'),(51,51,3,'et',831358200,'2016-05-21 05:23:55'),(52,52,4,'atque',23067,'1993-11-05 09:41:34'),(53,53,1,'ducimus',3880017,'1981-02-14 14:35:43'),(54,54,2,'nesciunt',6688248,'2005-04-05 08:27:13'),(55,55,3,'minus',3042,'1987-03-06 10:53:47'),(56,56,4,'tempora',7941,'1973-09-08 17:19:59'),(57,57,1,'recusandae',10,'2020-03-27 01:35:35'),(58,58,2,'ullam',51950987,'1972-10-19 06:12:06'),(59,59,3,'voluptatum',388787,'1987-10-13 00:24:26'),(60,60,4,'et',2045,'1996-05-02 07:15:54'),(61,61,1,'inventore',85501,'2005-09-01 21:36:07'),(62,62,2,'neque',89997,'2011-10-11 13:58:35'),(63,63,3,'error',67249,'1976-11-04 06:16:50'),(64,64,4,'enim',627125,'2001-05-21 15:42:32'),(65,65,1,'nemo',84635101,'1972-09-08 03:09:06'),(66,66,2,'similique',2756248,'1985-12-21 17:38:11'),(67,67,3,'voluptates',74681041,'1996-09-25 12:42:06'),(68,68,4,'nesciunt',914,'2000-12-09 01:41:29'),(69,69,1,'voluptatum',592128638,'2012-09-13 21:11:34'),(70,70,2,'quod',9810,'1972-03-22 22:01:13'),(71,71,3,'neque',599909288,'1973-10-18 21:40:02'),(72,72,4,'odio',2,'1994-04-11 08:15:16'),(73,73,1,'voluptatem',334951,'2012-02-22 09:11:28'),(74,74,2,'ab',6714096,'1991-04-21 16:51:53'),(75,75,3,'quia',540489,'2011-10-01 01:10:36'),(76,76,4,'repellendus',6290582,'1997-06-30 14:47:36'),(77,77,1,'et',639998594,'1975-02-25 12:39:04'),(78,78,2,'aut',0,'1982-05-09 06:11:44'),(79,79,3,'qui',14620381,'2002-02-03 14:28:22'),(80,80,4,'impedit',0,'2006-06-28 17:44:12'),(81,81,1,'et',7646,'2009-02-11 21:42:05'),(82,82,2,'saepe',467286,'2012-02-10 17:29:48'),(83,83,3,'sapiente',105,'1989-08-31 05:27:44'),(84,84,4,'earum',978288136,'2008-01-10 13:47:56'),(85,85,1,'et',54085,'2010-05-07 12:42:37'),(86,86,2,'corporis',29811271,'1985-05-15 02:48:57'),(87,87,3,'et',2079518,'1973-09-28 22:36:22'),(88,88,4,'ut',441,'1995-09-24 01:47:56'),(89,89,1,'rem',1340,'1988-11-04 12:30:14'),(90,90,2,'magni',408413515,'2019-02-15 22:21:09'),(91,91,3,'mollitia',5,'2012-04-21 07:03:29'),(92,92,4,'sunt',24117866,'2015-05-24 21:11:30'),(93,93,1,'sed',396,'2004-10-20 04:30:19'),(94,94,2,'in',75,'1977-04-03 09:45:07'),(95,95,3,'asperiores',36,'1975-07-13 17:45:23'),(96,96,4,'quia',9383096,'1990-05-16 10:13:37'),(97,97,1,'ipsum',69837,'1997-03-22 22:37:45'),(98,98,2,'dolore',6,'1979-11-02 16:42:12'),(99,99,3,'aut',7665169,'2003-05-29 00:46:43'),(100,100,4,'ipsum',6091295,'2003-08-30 06:20:17');
/*!40000 ALTER TABLE `media` ENABLE KEYS */;
UNLOCK TABLES;

--
-- Table structure for table `media_types`
--

DROP TABLE IF EXISTS `media_types`;
/*!40101 SET @saved_cs_client     = @@character_set_client */;
/*!40101 SET character_set_client = utf8 */;
CREATE TABLE `media_types` (
  `id` int(10) unsigned NOT NULL AUTO_INCREMENT,
  `name` varchar(45) COLLATE utf8mb4_unicode_ci NOT NULL,
  PRIMARY KEY (`id`),
  UNIQUE KEY `name` (`name`)
) ENGINE=InnoDB AUTO_INCREMENT=5 DEFAULT CHARSET=utf8mb4 COLLATE=utf8mb4_unicode_ci;
/*!40101 SET character_set_client = @saved_cs_client */;

--
-- Dumping data for table `media_types`
--

LOCK TABLES `media_types` WRITE;
/*!40000 ALTER TABLE `media_types` DISABLE KEYS */;
INSERT INTO `media_types` VALUES (4,'video_file'),(2,'audio_file'),(3,'doc_file'),(1,'photo_file');
/*!40000 ALTER TABLE `media_types` ENABLE KEYS */;
UNLOCK TABLES;

--
-- Table structure for table `messages`
--

DROP TABLE IF EXISTS `messages`;
/*!40101 SET @saved_cs_client     = @@character_set_client */;
/*!40101 SET character_set_client = utf8 */;
CREATE TABLE `messages` (
  `id` bigint(20) unsigned NOT NULL AUTO_INCREMENT,
  `from_user_id` bigint(20) unsigned NOT NULL,
  `to_user_id` bigint(20) unsigned NOT NULL,
  `txt` text COLLATE utf8mb4_unicode_ci NOT NULL,
  `is_delivered` tinyint(1) DEFAULT 0,
  `created_at` datetime NOT NULL DEFAULT current_timestamp(),
  `update_at` datetime DEFAULT NULL ON UPDATE current_timestamp(),
  PRIMARY KEY (`id`),
  KEY `fk_messages_from_user_idx` (`from_user_id`),
  KEY `fk_messages_to_user_idx` (`to_user_id`),
  CONSTRAINT `fk_messages_users_1` FOREIGN KEY (`from_user_id`) REFERENCES `users` (`id`),
  CONSTRAINT `fk_messages_users_2` FOREIGN KEY (`to_user_id`) REFERENCES `users` (`id`)
) ENGINE=InnoDB AUTO_INCREMENT=101 DEFAULT CHARSET=utf8mb4 COLLATE=utf8mb4_unicode_ci;
/*!40101 SET character_set_client = @saved_cs_client */;

--
-- Dumping data for table `messages`
--

LOCK TABLES `messages` WRITE;
/*!40000 ALTER TABLE `messages` DISABLE KEYS */;
INSERT INTO `messages` VALUES (1,1,1,'Then she went on, taking first one side and then said, \'It was the BEST butter,\' the March Hare moved into the open air. \'IF I don\'t believe you do lessons?\' said Alice, surprised at this, but at.',1,'1998-03-02 04:32:00','2015-01-26 05:48:15'),(2,2,2,'WOULD go with the words did not like the three gardeners instantly jumped up, and began talking to herself, \'Now, what am I to get into her face, and large eyes full of tears, \'I do wish they WOULD.',1,'1975-06-24 08:33:42','2016-11-25 18:43:02'),(3,3,3,'Queen ordering off her knowledge, as there was a queer-shaped little creature, and held out its arms folded, quietly smoking a long time together.\' \'Which is just the case with MINE,\' said the Mock.',1,'2012-09-18 02:36:59','2015-07-26 19:11:46'),(4,4,4,'Then the Queen said--\' \'Get to your tea; it\'s getting late.\' So Alice got up and went down on their backs was the first to break the silence. \'What day of the shepherd boy--and the sneeze of the.',0,'1985-04-13 02:51:21','2009-11-16 19:21:14'),(5,5,5,'I don\'t keep the same year for such a neck as that! No, no! You\'re a serpent; and there\'s no meaning in it,\' but none of YOUR business, Two!\' said Seven. \'Yes, it IS his business!\' said Five, \'and.',0,'1984-01-03 01:26:17','1992-03-11 20:41:16'),(6,6,6,'This was such a hurry that she began thinking over other children she knew that were of the well, and noticed that they would go, and broke off a head could be no use in waiting by the whole she.',1,'1973-04-03 13:26:09','1973-08-16 23:57:25'),(7,7,7,'I\'m Mabel, I\'ll stay down here! It\'ll be no use their putting their heads downward! The Antipathies, I think--\' (for, you see, Miss, we\'re doing our best, afore she comes, to--\' At this moment Five,.',1,'1997-09-01 23:37:24','2007-01-02 02:26:12'),(8,8,8,'MARMALADE\', but to her ear. \'You\'re thinking about something, my dear, and that is rather a handsome pig, I think.\' And she began looking at them with large eyes like a stalk out of its mouth, and.',1,'1999-07-24 03:25:05','1976-12-15 05:42:02'),(9,9,9,'Hatter trembled so, that he shook both his shoes on. \'--and just take his head contemptuously. \'I dare say you\'re wondering why I don\'t care which happens!\' She ate a little shaking among the.',0,'2017-09-13 18:43:28','2000-05-26 01:45:30'),(10,10,10,'Suddenly she came upon a time she found that it was talking in his sleep, \'that \"I breathe when I was going to remark myself.\' \'Have you guessed the riddle yet?\' the Hatter added as an explanation;.',0,'2016-05-07 07:50:29','2008-06-12 22:04:45'),(11,11,11,'Turtle--we used to come before that!\' \'Call the first witness,\' said the Pigeon went on, \'you throw the--\' \'The lobsters!\' shouted the Queen, who were giving it a minute or two the Caterpillar.',1,'2012-11-08 20:38:04','1980-07-08 16:39:54'),(12,12,12,'At this moment Alice felt so desperate that she tipped over the list, feeling very glad that it was too dark to see if she were looking over their heads. She felt that there ought! And when I sleep\".',1,'1976-07-01 00:02:40','2010-12-21 13:25:48'),(13,13,13,'And the moral of that is, but I don\'t take this child away with me,\' thought Alice, \'shall I NEVER get any older than you, and must know better\'; and this was his first speech. \'You should learn not.',0,'1989-03-10 01:25:42','1986-07-21 07:32:07'),(14,14,14,'Time!\' \'Perhaps not,\' Alice replied very readily: \'but that\'s because it stays the same thing,\' said the last time she had tired herself out with trying, the poor little feet, I wonder if I might.',0,'2014-08-09 10:18:00','1995-10-27 02:30:04'),(15,15,15,'Gryphon. \'Well, I never knew so much at this, but at any rate,\' said Alice: \'three inches is such a thing I know. Silence all round, if you like,\' said the Queen, but she remembered how small she.',1,'1979-05-30 15:16:58','1992-05-07 00:25:15'),(16,16,16,'However, when they saw the White Rabbit, who said in a very long silence, broken only by an occasional exclamation of \'Hjckrrh!\' from the sky! Ugh, Serpent!\' \'But I\'m NOT a serpent, I tell you!\'.',1,'2004-04-04 10:52:06','2007-02-04 21:48:21'),(17,17,17,'The Dormouse again took a minute or two she stood watching them, and the little door about fifteen inches high: she tried the effect of lying down on their slates, when the tide rises and sharks are.',1,'2011-12-21 19:15:45','1971-12-12 20:14:23'),(18,18,18,'YOU are, first.\' \'Why?\' said the Mock Turtle repeated thoughtfully. \'I should have liked teaching it tricks very much, if--if I\'d only been the whiting,\' said the Caterpillar. \'Well, I never heard.',0,'2013-02-15 19:22:38','2009-04-24 06:53:18'),(19,19,19,'Alice asked. The Hatter looked at Alice. \'I\'M not a mile high,\' said Alice. \'I wonder how many miles I\'ve fallen by this time, as it was done. They had not gone (We know it was good manners for her.',0,'1972-05-23 17:29:26','1976-01-22 00:53:12'),(20,20,20,'I should frighten them out with his nose, you know?\' \'It\'s the stupidest tea-party I ever saw in my kitchen AT ALL. Soup does very well without--Maybe it\'s always pepper that makes you forget to.',0,'2009-07-25 18:22:26','2019-02-02 13:51:26'),(21,21,21,'I got up in such a thing I ever heard!\' \'Yes, I think you\'d better finish the story for yourself.\' \'No, please go on!\' Alice said to herself; \'I should like to see anything; then she heard the Queen.',1,'1974-12-16 04:53:53','1984-12-24 00:19:52'),(22,22,22,'Alice for protection. \'You shan\'t be able! I shall have some fun now!\' thought Alice. \'I\'ve so often read in the middle. Alice kept her waiting!\' Alice felt a little of her or of anything to say,.',1,'1980-06-14 14:47:04','1980-06-26 13:13:40'),(23,23,23,'March Hare. \'Sixteenth,\' added the Gryphon, the squeaking of the evening, beautiful Soup! Beau--ootiful Soo--oop! Beau--ootiful Soo--oop! Beau--ootiful Soo--oop! Beau--ootiful Soo--oop! Soo--oop of.',0,'2004-10-17 06:24:46','2015-02-16 20:21:39'),(24,24,24,'Five, in a low, timid voice, \'If you can\'t take more.\' \'You mean you can\'t take more.\' \'You mean you can\'t be Mabel, for I know who I am! But I\'d better take him his fan and the King said to the.',1,'2012-08-19 03:43:47','1996-04-14 06:47:15'),(25,25,25,'Exactly as we were. My notion was that she remained the same thing,\' said the Pigeon. \'I can hardly breathe.\' \'I can\'t remember half of them--and it belongs to a shriek, \'and just as I\'d taken the.',0,'2016-01-01 08:51:12','1992-05-30 12:32:25'),(26,26,26,'Alice ventured to remark. \'Tut, tut, child!\' said the Pigeon in a wondering tone. \'Why, what a delightful thing a Lobster Quadrille The Mock Turtle said: \'advance twice, set to partners--\' \'--change.',0,'2011-05-24 19:34:50','1980-09-10 17:04:32'),(27,27,27,'Then it got down off the cake. * * * * * * * * * * * * * * * * * * \'What a number of cucumber-frames there must be!\' thought Alice. \'I\'m a--I\'m a--\' \'Well! WHAT are you?\' said the Footman, \'and that.',1,'2012-08-16 13:04:49','1976-09-18 17:55:31'),(28,28,28,'Luckily for Alice, the little magic bottle had now had its full effect, and she went on again:-- \'I didn\'t know how to spell \'stupid,\' and that if you wouldn\'t have come here.\' Alice didn\'t think.',1,'1993-07-02 23:47:27','2014-01-06 07:23:17'),(29,29,29,'Alice; but she did not at all the other bit. Her chin was pressed so closely against her foot, that there was enough of me left to make it stop. \'Well, I\'d hardly finished the goose, with the day.',1,'2012-11-20 17:37:48','2010-05-02 01:38:45'),(30,30,30,'Alice, always ready to sink into the sky. Twinkle, twinkle--\"\' Here the Queen to-day?\' \'I should like it put the hookah out of his head. But at any rate,\' said Alice: \'besides, that\'s not a regular.',0,'1970-12-09 21:52:28','2005-07-01 19:21:44'),(31,31,31,'Her chin was pressed so closely against her foot, that there was nothing on it (as she had sat down with one finger, as he spoke, and added \'It isn\'t mine,\' said the Cat. \'I said pig,\' replied.',0,'2003-07-02 11:37:46','2007-12-23 17:58:06'),(32,32,32,'Queen!\' and the three gardeners at it, and very soon finished it off. \'If everybody minded their own business,\' the Duchess sang the second thing is to France-- Then turn not pale, beloved snail,.',0,'1976-07-23 05:28:16','1991-12-04 01:06:45'),(33,33,33,'Alice, and sighing. \'It IS the use of a well?\' \'Take some more bread-and-butter--\' \'But what am I to get in?\' \'There might be hungry, in which you usually see Shakespeare, in the wood,\' continued.',0,'2015-12-17 20:01:17','1970-07-13 00:36:17'),(34,34,34,'It\'ll be no use going back to the executioner: \'fetch her here.\' And the muscular strength, which it gave to my right size: the next moment a shower of saucepans, plates, and dishes. The Duchess.',1,'1981-03-22 21:56:10','1983-07-22 10:47:29'),(35,35,35,'I think it would like the name: however, it only grinned when it saw mine coming!\' \'How do you call him Tortoise, if he thought it would be quite absurd for her to wink with one finger pressed upon.',1,'2005-06-19 01:38:48','1972-08-12 03:21:36'),(36,36,36,'Dormouse. \'Don\'t talk nonsense,\' said Alice in a melancholy tone. \'Nobody seems to suit them!\' \'I haven\'t the least notice of them say, \'Look out now, Five! Don\'t go splashing paint over me like a.',1,'2016-02-13 14:23:07','1979-09-22 19:23:54'),(37,37,37,'White Rabbit, \'but it seems to be talking in his confusion he bit a large cauldron which seemed to be executed for having cheated herself in a helpless sort of life! I do wonder what was on the.',0,'2013-03-12 20:46:31','1988-10-26 13:54:33'),(38,38,38,'Queen, stamping on the floor, and a large pool all round her at the number of cucumber-frames there must be!\' thought Alice. \'I\'m glad they don\'t give birthday presents like that!\' But she did not.',1,'2011-05-24 14:56:21','2002-12-02 07:29:56'),(39,39,39,'I\'ll just see what was the fan she was ever to get very tired of sitting by her sister on the shingle--will you come and join the dance? Will you, won\'t you, won\'t you, will you join the dance?\"\'.',1,'1999-06-05 05:10:13','1990-12-02 04:17:13'),(40,40,40,'Mock Turtle: \'nine the next, and so on; then, when you\'ve cleared all the right house, because the Duchess was sitting on the top of the court. \'What do you call it sad?\' And she began nibbling at.',0,'1974-04-01 21:32:32','2015-07-15 19:21:13'),(41,41,41,'Cheshire Cat sitting on the hearth and grinning from ear to ear. \'Please would you tell me, Pat, what\'s that in about half no time! Take your choice!\' The Duchess took her choice, and was a little.',0,'1977-06-23 01:40:55','1971-12-03 01:23:10'),(42,42,42,'The first thing she heard a little shriek and a great deal too far off to other parts of the leaves: \'I should like to go with the Gryphon. \'They can\'t have anything to put his shoes on. \'--and just.',1,'1993-02-24 22:04:04','1976-09-24 13:28:46'),(43,43,43,'I!\' he replied. \'We quarrelled last March--just before HE went mad, you know--\' She had quite a chorus of voices asked. \'Why, SHE, of course,\' the Dodo in an angry tone, \'Why, Mary Ann, and be.',0,'1982-01-27 20:29:49','1997-10-03 10:49:00'),(44,44,44,'Mock Turtle, and to her chin in salt water. Her first idea was that you have of putting things!\' \'It\'s a friend of mine--a Cheshire Cat,\' said Alice: \'I don\'t see any wine,\' she remarked. \'It tells.',0,'2001-08-20 14:04:23','2015-08-13 06:07:39'),(45,45,45,'Bill! catch hold of it; and while she was beginning to get her head pressing against the ceiling, and had just upset the milk-jug into his cup of tea, and looked into its face in some alarm. This.',0,'1991-03-25 22:28:08','2000-07-06 07:41:06'),(46,46,46,'Alice, in a pleased tone. \'Pray don\'t trouble yourself to say it over) \'--yes, that\'s about the temper of your flamingo. Shall I try the whole pack rose up into the darkness as hard as he said in a.',0,'2017-12-27 06:06:34','2004-07-22 20:39:58'),(47,47,47,'Queen\'s absence, and were resting in the court!\' and the two creatures got so much already, that it would be wasting our breath.\" \"I\'ll be judge, I\'ll be jury,\" Said cunning old Fury: \"I\'ll try the.',1,'2014-06-04 14:15:09','2010-08-21 23:06:49'),(48,48,48,'I only knew the name \'W. RABBIT\' engraved upon it. She went in without knocking, and hurried off to the Duchess: \'flamingoes and mustard both bite. And the Gryphon said, in a low trembling voice,.',0,'2003-04-12 04:23:33','1979-11-23 21:54:37'),(49,49,49,'Alice was not quite sure whether it was done. They had not gone much farther before she had nothing else to do, and in despair she put one arm out of a procession,\' thought she, \'what would become.',0,'1994-04-12 03:53:11','1972-04-03 02:59:36'),(50,50,50,'There could be NO mistake about it: it was only too glad to do it?\' \'In my youth,\' said his father, \'I took to the jury, in a melancholy tone. \'Nobody seems to grin, How neatly spread his claws, And.',0,'1998-12-27 04:47:29','2001-03-06 05:23:20'),(51,51,51,'Morcar, the earls of Mercia and Northumbria, declared for him: and even Stigand, the patriotic archbishop of Canterbury, found it made Alice quite hungry to look at the cook, and a large.',1,'1979-06-16 10:17:46','2011-01-17 21:15:23'),(52,52,52,'Hatter: and in a moment: she looked at Alice. \'It goes on, you know,\' said Alice very humbly: \'you had got its neck nicely straightened out, and was delighted to find that she ran off as hard as he.',0,'2005-12-22 22:14:42','1989-10-02 07:07:33'),(53,53,53,'Alice, \'because I\'m not myself, you see.\' \'I don\'t think--\' \'Then you keep moving round, I suppose?\' said Alice. \'Of course it is,\' said the Rabbit say to itself, \'Oh dear! Oh dear! I\'d nearly.',1,'1999-06-19 04:52:08','1971-10-06 18:51:26'),(54,54,54,'Alice crouched down among the distant sobs of the window, and on it but tea. \'I don\'t think they play at all fairly,\' Alice began, in a moment like a star-fish,\' thought Alice. \'I\'m glad they\'ve.',0,'2017-06-01 23:25:30','1993-09-25 10:26:22'),(55,55,55,'Hatter: \'but you could manage it?) \'And what an ignorant little girl she\'ll think me for asking! No, it\'ll never do to ask: perhaps I shall ever see such a capital one for catching mice--oh, I beg.',1,'1980-06-03 15:54:09','2018-10-03 08:09:35'),(56,56,56,'So you see, as well wait, as she could remember them, all these strange Adventures of hers that you think you might do very well to say when I grow at a reasonable pace,\' said the Hatter, who turned.',1,'1990-06-21 10:43:29','2001-07-11 06:11:37'),(57,57,57,'The Queen turned angrily away from him, and very soon found an opportunity of adding, \'You\'re looking for the White Rabbit: it was talking in a sulky tone; \'Seven jogged my elbow.\' On which Seven.',1,'2001-05-13 09:07:33','1988-05-20 18:35:29'),(58,58,58,'There were doors all round her, about four feet high. \'I wish I could shut up like a telescope! I think I may as well as she swam lazily about in the sea, though you mayn\'t believe it--\' \'I never.',1,'1974-02-22 00:44:40','1978-01-10 03:59:55'),(59,59,59,'Alice hastily replied; \'only one doesn\'t like changing so often, of course had to run back into the air. Even the Duchess said to herself, being rather proud of it: \'No room! No room!\' they cried.',1,'1971-11-27 22:53:34','1984-04-14 07:17:38'),(60,60,60,'YOUR adventures.\' \'I could tell you more than Alice could see, when she was shrinking rapidly; so she set to partners--\' \'--change lobsters, and retire in same order,\' continued the Pigeon, but in a.',0,'1980-01-19 20:34:33','1982-10-07 10:16:16'),(61,61,61,'But they HAVE their tails fast in their proper places--ALL,\' he repeated with great emphasis, looking hard at Alice the moment she felt that it might belong to one of the song, perhaps?\' \'I\'ve heard.',0,'2002-04-08 20:05:38','1991-04-16 21:34:13'),(62,62,62,'March Hare meekly replied. \'Yes, but I think I could, if I might venture to say \'Drink me,\' but the three gardeners instantly jumped up, and began talking again. \'Dinah\'ll miss me very much pleased.',0,'1982-10-21 23:19:17','2015-07-26 02:59:24'),(63,63,63,'Either the well was very provoking to find it out, we should all have our heads cut off, you know. Come on!\' So they sat down and cried. \'Come, there\'s half my plan done now! How puzzling all these.',0,'2015-01-24 09:28:54','1999-10-14 23:51:21'),(64,64,64,'So she went on, \'--likely to win, that it\'s hardly worth while finishing the game.\' The Queen turned crimson with fury, and, after waiting till she got up and saying, \'Thank you, sir, for your.',0,'2006-01-27 08:06:07','2011-02-07 04:47:19'),(65,65,65,'HAVE you been doing here?\' \'May it please your Majesty,\' said Alice very meekly: \'I\'m growing.\' \'You\'ve no right to grow larger again, and did not sneeze, were the verses the White Rabbit: it was.',0,'2006-04-20 23:05:56','2020-05-24 22:19:03'),(66,66,66,'I am, sir,\' said Alice; \'but when you come to the croquet-ground. The other guests had taken advantage of the March Hare took the hookah out of sight, he said in a very deep well. Either the well.',1,'1989-08-17 14:50:33','1979-04-06 19:47:24'),(67,67,67,'Owl, as a drawing of a tree in front of the trees had a pencil that squeaked. This of course, Alice could hear the Rabbit noticed Alice, as she listened, or seemed to have the experiment tried..',0,'1995-08-06 22:37:14','1983-04-22 09:36:47'),(68,68,68,'I\'m mad?\' said Alice. \'I mean what I could say if I would talk on such a capital one for catching mice you can\'t help that,\' said the Mouse, turning to the Cheshire Cat sitting on the breeze that.',0,'1995-10-01 03:23:14','1971-11-15 16:57:17'),(69,69,69,'The Footman seemed to be two people! Why, there\'s hardly enough of me left to make out at all this time. \'I want a clean cup,\' interrupted the Hatter: \'I\'m on the shingle--will you come to the.',0,'1990-08-09 16:14:28','2004-08-10 21:47:33'),(70,70,70,'But she did not like to try the thing Mock Turtle sighed deeply, and began, in a hurry. \'No, I\'ll look first,\' she said, \'for her hair goes in such long ringlets, and mine doesn\'t go in ringlets at.',0,'1995-07-10 16:59:03','1992-09-16 06:46:26'),(71,71,71,'I\'ll tell you what year it is?\' \'Of course they were\', said the Mouse was swimming away from him, and very soon came upon a neat little house, and wondering what to do, so Alice went on, \'What\'s.',1,'1972-03-21 07:23:29','2012-06-22 04:58:45'),(72,72,72,'Alice, \'as all the time they were playing the Queen was to find that she remained the same words as before, \'and things are \"much of a good deal on where you want to stay in here any longer!\' She.',0,'1983-12-21 20:44:39','1995-09-25 00:28:21'),(73,73,73,'I think I could, if I know is, something comes at me like that!\' said Alice in a very little use without my shoulders. Oh, how I wish you would seem to see some meaning in it, \'and what is the.',1,'1980-01-31 08:44:38','1996-04-02 13:40:44'),(74,74,74,'Alice; \'that\'s not at all this time, and was surprised to see it trying in a court of justice before, but she heard something like it,\' said Alice very meekly: \'I\'m growing.\' \'You\'ve no right to.',0,'1991-12-11 16:16:47','1984-06-17 02:49:45'),(75,75,75,'Queen said severely \'Who is it directed to?\' said the youth, \'as I mentioned before, And have grown most uncommonly fat; Yet you turned a corner, \'Oh my ears and the Queen added to one of them.\' In.',0,'2003-01-03 03:08:37','1978-06-08 00:00:15'),(76,76,76,'Laughing and Grief, they used to do:-- \'How doth the little--\"\' and she had accidentally upset the milk-jug into his plate. Alice did not see anything that looked like the look of the thing.',0,'2006-03-14 10:02:55','1987-06-24 01:42:21'),(77,77,77,'Mock Turtle repeated thoughtfully. \'I should think it would be the right size, that it was looking up into the jury-box, or they would die. \'The trial cannot proceed,\' said the Mouse to tell them.',0,'1999-11-17 03:13:40','2009-11-24 12:32:45'),(78,78,78,'Eaglet, and several other curious creatures. Alice led the way, and then turned to the Knave was standing before them, in chains, with a trumpet in one hand, and Alice heard it muttering to itself.',0,'1978-06-04 18:16:08','1976-09-18 03:06:56'),(79,79,79,'King: \'leave out that it made Alice quite jumped; but she remembered trying to make SOME change in my own tears! That WILL be a very little! Besides, SHE\'S she, and I\'m sure I have none, Why, I.',0,'1970-12-17 11:02:36','1985-04-03 04:17:33'),(80,80,80,'Quick, now!\' And Alice was beginning to see if he had a pencil that squeaked. This of course, Alice could think of nothing else to say it any longer than that,\' said the Pigeon the opportunity of.',1,'1974-04-29 15:31:13','1976-08-05 08:42:17'),(81,81,81,'The Cat only grinned when it saw mine coming!\' \'How do you know what to beautify is, I suppose?\' said Alice. \'I\'ve read that in the pictures of him), while the Dodo suddenly called out to sea. So.',1,'1984-01-28 04:01:05','2015-10-23 23:41:59'),(82,82,82,'I can\'t take LESS,\' said the sage, as he spoke, and then they both sat silent for a little way forwards each time and a piece of bread-and-butter in the sea, though you mayn\'t believe it--\' \'I never.',0,'1986-08-16 14:12:06','2005-12-09 17:50:30'),(83,83,83,'I shan\'t grow any more--As it is, I suppose?\' \'Yes,\' said Alice, \'it\'s very rude.\' The Hatter was the first question, you know.\' \'Who is it twelve? I--\' \'Oh, don\'t talk about her and to her great.',1,'2013-04-13 18:59:18','1991-12-21 20:50:30'),(84,84,84,'Dormouse is asleep again,\' said the Duchess; \'I never thought about it,\' added the Dormouse, without considering at all fairly,\' Alice began, in a hurry. \'No, I\'ll look first,\' she said, \'than waste.',1,'1988-09-17 07:43:58','2008-06-14 03:03:11'),(85,85,85,'I grow up, I\'ll write one--but I\'m grown up now,\' she added aloud. \'Do you take me for a baby: altogether Alice did not much larger than a pig, and she felt that it seemed quite natural to Alice for.',1,'1993-08-27 11:20:10','2005-06-16 08:58:38'),(86,86,86,'Mock Turtle Soup is made from,\' said the Rabbit came near her, she began, rather timidly, saying to her very earnestly, \'Now, Dinah, tell me who YOU are, first.\' \'Why?\' said the Mock Turtle went on..',1,'2006-09-04 17:45:31','1990-11-05 19:52:33'),(87,87,87,'Mock Turtle yet?\' \'No,\' said the Cat, as soon as look at it!\' This speech caused a remarkable sensation among the branches, and every now and then all the things between whiles.\' \'Then you should.',0,'2000-10-06 22:23:56','1995-06-23 05:44:31'),(88,88,88,'Sing her \"Turtle Soup,\" will you, won\'t you, will you join the dance?\"\' \'Thank you, sir, for your walk!\" \"Coming in a tone of delight, which changed into alarm in another moment, when she was about.',1,'2011-02-25 11:48:00','1976-04-15 23:37:09'),(89,89,89,'The Queen turned crimson with fury, and, after glaring at her for a conversation. \'You don\'t know the song, she kept on good terms with him, he\'d do almost anything you liked with the day and night!.',0,'1974-05-22 13:16:06','2009-03-08 04:59:59'),(90,90,90,'It sounded an excellent plan, no doubt, and very neatly and simply arranged; the only one who had not gone (We know it was getting very sleepy; \'and they all stopped and looked very anxiously into.',0,'1982-10-22 17:52:52','1989-03-17 18:13:58'),(91,91,91,'Wonderland of long ago: and how she was shrinking rapidly; so she went on: \'--that begins with an anxious look at a reasonable pace,\' said the Hatter. He came in with the bread-and-butter getting so.',1,'1997-09-30 17:27:34','2001-11-04 17:05:24'),(92,92,92,'Alice. \'Nothing WHATEVER?\' persisted the King. Here one of the same thing as a cushion, resting their elbows on it, for she had never forgotten that, if you drink much from a Caterpillar The.',1,'2006-04-12 00:19:04','2016-06-11 11:04:01'),(93,93,93,'I think it would make with the distant green leaves. As there seemed to her head, she tried to say \"HOW DOTH THE LITTLE BUSY BEE,\" but it said nothing. \'This here young lady,\' said the King: \'leave.',0,'2004-06-09 06:03:37','1976-06-11 16:57:01'),(94,94,94,'Alice whispered to the executioner: \'fetch her here.\' And the moral of that is--\"Oh, \'tis love, \'tis love, that makes you forget to talk. I can\'t remember,\' said the Hatter: \'but you could keep it.',0,'2005-05-11 21:17:51','1971-06-15 10:06:50'),(95,95,95,'Majesty must cross-examine the next thing was waving its right ear and left off writing on his slate with one elbow against the ceiling, and had just begun \'Well, of all this grand procession, came.',1,'1973-11-19 20:35:34','2019-01-27 21:18:43'),(96,96,96,'Still she went on eagerly: \'There is such a tiny golden key, and when she was getting so thin--and the twinkling of the water, and seemed not to be said. At last the Mouse, turning to the end of his.',1,'1987-07-05 06:20:52','1986-02-27 03:40:02'),(97,97,97,'Alice. The poor little thing sat down a good deal to come before that!\' \'Call the next thing is, to get in?\' asked Alice again, in a sulky tone; \'Seven jogged my elbow.\' On which Seven looked up and.',0,'1994-02-22 17:43:56','2019-10-27 08:38:06'),(98,98,98,'Alice. \'And ever since that,\' the Hatter instead!\' CHAPTER VII. A Mad Tea-Party There was a queer-shaped little creature, and held out its arms and legs in all directions, \'just like a thunderstorm..',1,'2019-03-09 14:41:29','2012-02-13 04:19:43'),(99,99,99,'What happened to me! I\'LL soon make you grow taller, and the arm that was lying on the Duchess\'s cook. She carried the pepper-box in her life, and had come back again, and all dripping wet, cross,.',0,'1994-08-01 02:28:16','1998-05-25 23:56:37'),(100,100,100,'I do,\' said Alice in a sorrowful tone; \'at least there\'s no use in crying like that!\' said Alice to herself, \'if one only knew how to get in at once.\' And in she went. Once more she found herself.',0,'2018-06-22 07:26:04','1994-07-21 01:41:53');
/*!40000 ALTER TABLE `messages` ENABLE KEYS */;
UNLOCK TABLES;

--
-- Table structure for table `posts`
--

DROP TABLE IF EXISTS `posts`;
/*!40101 SET @saved_cs_client     = @@character_set_client */;
/*!40101 SET character_set_client = utf8 */;
CREATE TABLE `posts` (
  `id` bigint(20) unsigned NOT NULL AUTO_INCREMENT,
  `user_id` bigint(20) unsigned NOT NULL,
  `txt` text COLLATE utf8mb4_unicode_ci NOT NULL,
  `created_at` datetime DEFAULT current_timestamp(),
  `updated_at` datetime DEFAULT NULL ON UPDATE current_timestamp(),
  PRIMARY KEY (`id`),
  KEY `user_idx` (`user_id`),
  CONSTRAINT `user_posts_fk` FOREIGN KEY (`user_id`) REFERENCES `users` (`id`)
) ENGINE=InnoDB AUTO_INCREMENT=101 DEFAULT CHARSET=utf8mb4 COLLATE=utf8mb4_unicode_ci;
/*!40101 SET character_set_client = @saved_cs_client */;

--
-- Dumping data for table `posts`
--

LOCK TABLES `posts` WRITE;
/*!40000 ALTER TABLE `posts` DISABLE KEYS */;
INSERT INTO `posts` VALUES (1,1,'Miss, this here ought to eat some of the Lobster Quadrille?\' the Gryphon added \'Come, let\'s hear some of the cupboards as she listened, or seemed to be said. At last the Mock Turtle, \'Drive on, old.','1993-06-27 10:17:07','1999-06-21 03:33:56'),(2,2,'Rabbit noticed Alice, as she had never had to run back into the earth. At last the Mouse, in a moment: she looked down at them, and all of you, and listen to her, one on each side, and opened their.','1997-06-12 20:33:48','1976-06-08 10:59:35'),(3,3,'Lizard, who seemed ready to make out which were the cook, and a Long Tale They were indeed a queer-looking party that assembled on the OUTSIDE.\' He unfolded the paper as he spoke. \'A cat may look at.','1979-10-23 16:47:37','1985-03-31 02:49:22'),(4,4,'Dodo could not think of nothing better to say \'Drink me,\' but the tops of the edge of the Shark, But, when the Rabbit just under the hedge. In another moment down went Alice after it, \'Mouse dear!.','1989-09-09 05:24:57','2001-04-15 10:43:47'),(5,5,'Queen. \'Well, I never knew so much contradicted in her French lesson-book. The Mouse did not quite sure whether it would be like, \'--for they haven\'t got much evidence YET,\' she said to herself, as.','1989-02-08 06:25:59','2002-12-06 19:03:05'),(6,6,'She had quite a large plate came skimming out, straight at the stick, and held it out loud. \'Thinking again?\' the Duchess was sitting on the shingle--will you come and join the dance. \'\"What matters.','1981-08-29 14:30:04','1991-06-21 22:53:45'),(7,7,'Bill, the Lizard) could not help bursting out laughing: and when she looked back once or twice, and shook itself. Then it got down off the subjects on his spectacles. \'Where shall I begin, please.','1991-08-28 22:02:24','1982-05-02 08:37:03'),(8,8,'Queen, \'and take this young lady to see what would happen next. The first witness was the first sentence in her haste, she had forgotten the little dears came jumping merrily along hand in her life,.','1994-12-07 19:58:40','1977-08-03 00:19:20'),(9,9,'Alice said to the Knave was standing before them, in chains, with a large arm-chair at one corner of it: \'No room! No room!\' they cried out when they hit her; and when she noticed that one of these.','2015-06-23 23:47:59','2003-09-17 23:02:44'),(10,10,'Alice, as she could, and waited till she heard the Rabbit say, \'A barrowful of WHAT?\' thought Alice \'without pictures or conversations in it, \'and what is the same height as herself; and when she.','1973-12-24 11:03:49','2000-07-18 13:40:24'),(11,11,'The Mouse gave a sudden burst of tears, \'I do wish they WOULD put their heads down! I am so VERY wide, but she had asked it aloud; and in another moment, when she had never before seen a cat without.','2015-07-13 00:30:50','1981-04-10 14:14:25'),(12,12,'King: \'leave out that one of the hall: in fact she was beginning to think this a good thing!\' she said to the jury. They were just beginning to write with one eye; but to her ear. \'You\'re thinking.','2005-08-25 07:39:19','2006-01-16 23:32:25'),(13,13,'Caterpillar. \'Well, I\'ve tried banks, and I\'ve tried to speak, and no one listening, this time, and was surprised to find it out, we should all have our heads cut off, you know. Which shall sing?\'.','1970-01-19 04:43:29','1986-10-25 12:24:50'),(14,14,'Mouse, getting up and throw us, with the dream of Wonderland of long ago: and how she would feel very sleepy and stupid), whether the blows hurt it or not. So she called softly after it, never once.','1994-11-01 15:12:10','1995-01-28 09:26:38'),(15,15,'Alice after it, \'Mouse dear! Do come back and see after some executions I have dropped them, I wonder?\' As she said to one of the window, and some were birds,) \'I suppose so,\' said the Gryphon, with.','2000-01-23 18:16:38','1992-06-29 06:57:32'),(16,16,'YOU?\' said the Lory, as soon as the hall was very nearly in the middle. Alice kept her waiting!\' Alice felt so desperate that she had not gone (We know it to speak again. The Mock Turtle said with a.','2000-03-26 22:49:42','2000-01-16 09:46:16'),(17,17,'However, at last it unfolded its arms, took the opportunity of taking it away. She did it so quickly that the Queen of Hearts, and I don\'t remember where.\' \'Well, it must make me giddy.\' And then,.','2011-01-13 08:03:18','2006-06-05 14:54:51'),(18,18,'Cat\'s head began fading away the moment she felt that she had this fit) An obstacle that came between Him, and ourselves, and it. Don\'t let me hear the name \'Alice!\' CHAPTER XII. Alice\'s Evidence.','2011-08-01 07:51:25','1986-08-30 13:51:31'),(19,19,'SHE, of course,\' the Dodo said, \'EVERYBODY has won, and all her life. Indeed, she had made out that part.\' \'Well, at any rate it would be like, \'--for they haven\'t got much evidence YET,\' she said.','2006-03-21 13:31:20','1980-04-07 19:32:41'),(20,20,'Alice thought the whole party swam to the puppy; whereupon the puppy began a series of short charges at the cook, and a scroll of parchment in the flurry of the court,\" and I shall see it again, but.','1971-03-09 06:42:09','2010-05-28 03:53:44'),(21,21,'Dormouse; \'--well in.\' This answer so confused poor Alice, \'when one wasn\'t always growing larger and smaller, and being ordered about by mice and rabbits. I almost wish I hadn\'t cried so much!\'.','2005-11-09 07:09:43','2005-08-07 19:42:12'),(22,22,'NOT a serpent, I tell you!\' said Alice. \'Off with his head!\' or \'Off with his tea spoon at the time she had nothing else to do, so Alice ventured to remark. \'Tut, tut, child!\' said the King. \'It.','2012-11-10 10:39:24','2012-11-16 19:26:22'),(23,23,'Mock Turtle persisted. \'How COULD he turn them out again. That\'s all.\' \'Thank you,\' said the Hatter. \'Does YOUR watch tell you more than that, if you were INSIDE, you might knock, and I could let.','1985-12-01 13:04:28','2004-11-26 23:35:23'),(24,24,'Some of the e--e--evening, Beautiful, beautiful Soup! \'Beautiful Soup! Who cares for fish, Game, or any other dish? Who would not give all else for two Pennyworth only of beautiful Soup? Pennyworth.','1993-03-31 14:10:04','2010-02-01 14:34:25'),(25,25,'BEST butter,\' the March Hare. \'It was the Hatter. This piece of it in a great many teeth, so she set off at once, while all the things being alive; for instance, there\'s the arch I\'ve got to?\'.','1988-12-11 09:35:35','2012-01-14 04:39:54'),(26,26,'King said to the beginning again?\' Alice ventured to taste it, and found that it is!\' \'Why should it?\' muttered the Hatter. He had been for some time without hearing anything more: at last the Mock.','2014-08-09 21:19:31','2019-03-13 12:00:55'),(27,27,'Forty-two. ALL PERSONS MORE THAN A MILE HIGH TO LEAVE THE COURT.\' Everybody looked at the place where it had finished this short speech, they all cheered. Alice thought she might as well as if he.','1970-11-18 14:07:44','1990-11-16 19:04:41'),(28,28,'Would not, could not, would not, could not, would not, could not, would not stoop? Soup of the court, arm-in-arm with the Dormouse. \'Don\'t talk nonsense,\' said Alice indignantly, and she had plenty.','2009-02-18 02:14:02','1986-08-21 11:03:41'),(29,29,'Soup of the jurymen. \'No, they\'re not,\' said the King in a hoarse growl, \'the world would go round and swam slowly back to yesterday, because I was going off into a butterfly, I should frighten them.','1998-10-19 00:29:20','1988-10-02 17:11:06'),(30,30,'Some of the birds and animals that had fallen into a conversation. \'You don\'t know of any that do,\' Alice said to herself, \'the way all the rats and--oh dear!\' cried Alice, quite forgetting her.','2019-12-10 16:44:34','1986-10-09 07:19:06'),(31,31,'March Hare. Alice was thoroughly puzzled. \'Does the boots and shoes!\' she repeated in a trembling voice to its feet, ran round the court and got behind him, and said to herself, being rather proud.','2004-01-07 21:55:46','1998-10-20 19:27:22'),(32,32,'Alice was not a moment to be ashamed of yourself,\' said Alice, whose thoughts were still running on the second verse of the gloves, and was delighted to find it out, we should all have our heads cut.','1984-08-02 15:49:17','1985-10-09 02:38:15'),(33,33,'Why, it fills the whole place around her became alive with the words \'EAT ME\' were beautifully marked in currants. \'Well, I\'ll eat it,\' said the Mock Turtle. So she swallowed one of the house!\'.','1995-10-24 01:45:52','2000-07-30 16:57:06'),(34,34,'How she longed to get in?\' she repeated, aloud. \'I shall be late!\' (when she thought at first was in the sea, some children digging in the flurry of the fact. \'I keep them to be told so. \'It\'s.','1979-12-14 08:25:14','1998-11-09 20:28:56'),(35,35,'It\'s the most curious thing I ever was at in all my life, never!\' They had not as yet had any dispute with the words \'DRINK ME,\' but nevertheless she uncorked it and put back into the air. Even the.','2004-06-02 04:51:59','1974-02-03 16:06:41'),(36,36,'Alice began in a great letter, nearly as she had put the Lizard as she could. \'The game\'s going on within--a constant howling and sneezing, and every now and then, \'we went to the shore, and then.','1991-04-01 07:04:06','1972-05-20 09:03:11'),(37,37,'Pigeon went on, \'if you don\'t know what to say it over) \'--yes, that\'s about the games now.\' CHAPTER X. The Lobster Quadrille is!\' \'No, indeed,\' said Alice. \'Exactly so,\' said Alice. \'What sort of a.','2003-03-02 11:29:38','1991-01-21 16:52:40'),(38,38,'I\'m sure she\'s the best cat in the grass, merely remarking that a red-hot poker will burn you if you only walk long enough.\' Alice felt a violent shake at the righthand bit again, and said, \'That\'s.','2001-02-02 20:52:46','1973-05-15 21:47:57'),(39,39,'Alice very humbly: \'you had got burnt, and eaten up by a very hopeful tone though), \'I won\'t indeed!\' said the King said, for about the games now.\' CHAPTER X. The Lobster Quadrille is!\' \'No,.','2006-06-27 00:28:34','1973-05-18 22:48:15'),(40,40,'It was so much surprised, that for two reasons. First, because I\'m on the shingle--will you come and join the dance. Would not, could not, would not, could not, would not, could not, could not.','1999-08-12 09:26:46','1971-09-17 19:28:14'),(41,41,'Alice. \'I mean what I get\" is the same thing as \"I eat what I like\"!\' \'You might just as well. The twelve jurors were all crowded round it, panting, and asking, \'But who has won?\' This question the.','2002-07-21 02:03:54','1997-07-27 20:57:50'),(42,42,'Why, I do so like that curious song about the same age as herself, to see if there were no tears. \'If you\'re going to shrink any further: she felt a little more conversation with her head on her.','1975-12-06 09:29:04','2014-09-23 12:01:38'),(43,43,'I grow up, I\'ll write one--but I\'m grown up now,\' she added in a voice of the garden: the roses growing on it but tea. \'I don\'t think--\' \'Then you should say what you mean,\' said Alice. \'Come on,.','1990-04-09 20:27:54','1989-02-09 21:23:27'),(44,44,'Pigeon. \'I can hardly breathe.\' \'I can\'t remember half of anger, and tried to fancy what the flame of a dance is it?\' Alice panted as she could, and soon found out that the poor child, \'for I can\'t.','2016-10-12 21:17:00','2011-10-17 05:04:01'),(45,45,'CHAPTER X. The Lobster Quadrille The Mock Turtle yawned and shut his eyes.--\'Tell her about the twentieth time that day. \'A likely story indeed!\' said the Caterpillar; and it was the first sentence.','2015-06-29 20:12:16','2008-06-05 23:39:39'),(46,46,'WHAT are you?\' said the Gryphon. \'I\'ve forgotten the words.\' So they began running about in the air. \'--as far out to be two people. \'But it\'s no use in knocking,\' said the Caterpillar. \'Not QUITE.','1999-09-17 11:47:29','1998-04-17 13:49:58'),(47,47,'After a time she went on at last, and they can\'t prove I did: there\'s no meaning in it,\' said Alice, quite forgetting her promise. \'Treacle,\' said a whiting to a mouse: she had asked it aloud; and.','2010-10-26 21:23:05','2013-10-07 04:38:29'),(48,48,'There was a dead silence. Alice was very provoking to find that her idea of having nothing to do: once or twice she had never forgotten that, if you want to see it trot away quietly into the.','1977-05-30 01:44:54','1990-06-12 17:28:15'),(49,49,'Mercia and Northumbria--\"\' \'Ugh!\' said the Mouse, turning to the Knave. The Knave shook his grey locks, \'I kept all my life, never!\' They had a vague sort of knot, and then hurried on, Alice started.','2002-08-22 18:41:47','2005-03-14 20:54:37'),(50,50,'Alice gently remarked; \'they\'d have been ill.\' \'So they were,\' said the sage, as he shook his grey locks, \'I kept all my life!\' She had quite forgotten the Duchess said to herself, and began to.','2021-02-16 04:49:42','2015-02-17 01:28:22'),(51,51,'Alice. \'Oh, don\'t talk about cats or dogs either, if you were down here with me! There are no mice in the book,\' said the Dormouse, who seemed ready to ask them what the next thing is, to get into.','2011-02-23 13:41:56','2005-09-30 01:26:34'),(52,52,'Alice had no reason to be told so. \'It\'s really dreadful,\' she muttered to herself, \'because of his great wig.\' The judge, by the soldiers, who of course you don\'t!\' the Hatter said, tossing his.','1972-03-08 14:10:16','2017-03-08 12:36:29'),(53,53,'Mock Turtle. \'Very much indeed,\' said Alice. \'I wonder what they\'ll do next! If they had been running half an hour or so there were a Duck and a Canary called out as loud as she spoke, but no result.','1998-09-24 21:38:28','1993-09-20 14:17:08'),(54,54,'DON\'T know,\' said Alice, rather alarmed at the proposal. \'Then the words \'DRINK ME,\' but nevertheless she uncorked it and put back into the court, she said to Alice. \'What sort of way, \'Do cats eat.','1980-04-29 13:57:19','2000-01-05 06:14:21'),(55,55,'All on a crimson velvet cushion; and, last of all the children she knew, who might do very well to introduce some other subject of conversation. While she was getting so far off). \'Oh, my poor.','2003-04-25 04:25:44','2003-05-31 22:37:21'),(56,56,'And he got up and beg for its dinner, and all dripping wet, cross, and uncomfortable. The moment Alice felt a violent shake at the Footman\'s head: it just grazed his nose, and broke off a bit afraid.','1986-08-29 21:00:46','1991-06-17 20:27:44'),(57,57,'Alice the moment how large she had asked it aloud; and in despair she put her hand in hand with Dinah, and saying to her lips. \'I know what you mean,\' said Alice. \'Why not?\' said the Queen, who were.','1971-04-02 22:49:29','1992-03-27 21:28:12'),(58,58,'Ann! Mary Ann!\' said the Cat. \'I said pig,\' replied Alice; \'and I do hope it\'ll make me giddy.\' And then, turning to Alice, \'Have you guessed the riddle yet?\' the Hatter went on all the time when.','2002-01-17 06:53:29','2012-12-12 06:35:16'),(59,59,'But I\'ve got back to the cur, \"Such a trial, dear Sir, With no jury or judge, would be as well as if he had never forgotten that, if you only kept on puzzling about it in her life, and had come to.','1983-04-03 06:49:58','2014-05-14 14:57:26'),(60,60,'They had a head unless there was silence for some time in silence: at last came a little of the evening, beautiful Soup! Soup of the window, and one foot to the garden with one eye; \'I seem to come.','1989-10-14 20:40:10','1972-06-16 00:38:40'),(61,61,'Alice asked. \'We called him a fish)--and rapped loudly at the time when she had wept when she noticed a curious feeling!\' said Alice; \'you needn\'t be so easily offended, you know!\' The Mouse looked.','1985-03-15 11:13:38','1986-11-17 13:51:36'),(62,62,'I was thinking I should think!\' (Dinah was the Duchess\'s voice died away, even in the trial one way up as the soldiers shouted in reply. \'That\'s right!\' shouted the Gryphon, \'you first form into a.','1984-02-05 11:01:03','2007-02-07 16:20:16'),(63,63,'This is the same size for ten minutes together!\' \'Can\'t remember WHAT things?\' said the Cat, as soon as there was mouth enough for it flashed across her mind that she did so, very carefully,.','2015-05-01 17:53:36','1991-03-29 18:48:17'),(64,64,'Gryphon. \'I mean, what makes them so shiny?\' Alice looked at the White Rabbit, \'but it sounds uncommon nonsense.\' Alice said to herself, \'I don\'t think it\'s at all a pity. I said \"What for?\"\' \'She.','1980-01-17 00:38:18','2010-12-07 03:25:29'),(65,65,'Sir, With no jury or judge, would be of very little way out of sight, he said in a very fine day!\' said a timid and tremulous sound.] \'That\'s different from what I like\"!\' \'You might just as she.','2010-04-22 13:31:39','1981-02-01 02:35:02'),(66,66,'King said to herself; \'the March Hare said in a louder tone. \'ARE you to offer it,\' said the Hatter: \'it\'s very rude.\' The Hatter opened his eyes were nearly out of the tail, and ending with the.','2008-01-30 22:39:39','2013-08-13 03:09:35'),(67,67,'The first witness was the BEST butter, you know.\' Alice had not gone far before they saw the White Rabbit; \'in fact, there\'s nothing written on the hearth and grinning from ear to ear. \'Please would.','1986-04-10 18:07:28','2014-01-24 12:19:36'),(68,68,'Cat, \'a dog\'s not mad. You grant that?\' \'I suppose so,\' said Alice. \'Why, there they lay on the floor, as it lasted.) \'Then the eleventh day must have been a holiday?\' \'Of course you know the way.','1995-07-20 13:02:38','1997-08-02 22:41:31'),(69,69,'And it\'ll fetch things when you have just been picked up.\' \'What\'s in it?\' said the Eaglet. \'I don\'t know of any good reason, and as Alice could think of nothing better to say but \'It belongs to a.','1998-06-04 02:09:00','1992-02-18 09:02:45'),(70,70,'As she said to herself, being rather proud of it: for she had to pinch it to make herself useful, and looking at the sides of it; then Alice, thinking it was addressed to the waving of the Queen.','1998-09-10 12:40:28','1979-11-27 03:42:06'),(71,71,'It was all very well as she spoke, but no result seemed to be found: all she could see, when she had peeped into the air off all its feet at once, and ran till she shook the house, and have next to.','2004-03-10 14:58:34','1973-09-27 14:48:01'),(72,72,'Queen shrieked out. \'Behead that Dormouse! Turn that Dormouse out of the bill, \"French, music, AND WASHING--extra.\"\' \'You couldn\'t have wanted it much,\' said Alice; \'it\'s laid for a minute, trying.','2013-07-12 11:29:30','1994-09-08 00:00:29'),(73,73,'But there seemed to be trampled under its feet, \'I move that the hedgehog had unrolled itself, and was just beginning to see if she did not wish to offend the Dormouse said--\' the Hatter added as an.','1983-07-31 17:42:24','2020-07-20 12:11:56'),(74,74,'Bill\'s got the other--Bill! fetch it here, lad!--Here, put \'em up at the March Hare: she thought to herself. (Alice had been anything near the door and went in. The door led right into a large.','1994-01-22 14:02:40','1997-09-28 12:49:58'),(75,75,'White Rabbit. She was walking hand in hand with Dinah, and saying to herself, in a solemn tone, \'For the Duchess. \'I make you dry enough!\' They all returned from him to you, Though they were filled.','2014-05-30 16:09:53','1972-07-24 01:14:51'),(76,76,'Gryphon. Alice did not venture to say but \'It belongs to the other: the only one way of escape, and wondering whether she could not tell whether they were playing the Queen never left off staring at.','1977-09-13 13:41:45','1984-11-19 19:39:27'),(77,77,'Hatter. This piece of it appeared. \'I don\'t know the song, \'I\'d have said to the King, who had followed him into the wood. \'If it had finished this short speech, they all crowded together at one.','1978-11-16 02:11:58','1987-09-10 08:29:30'),(78,78,'Bill, the Lizard) could not think of nothing better to say which), and they lived at the great question certainly was, what? Alice looked all round her, about the crumbs,\' said the Duchess, who.','1975-11-08 15:11:12','1973-12-01 22:03:58'),(79,79,'And the moral of that is--\"The more there is of finding morals in things!\' Alice thought she might as well say,\' added the Gryphon; and then added them up, and began to feel which way I want to be?\'.','2019-03-25 11:15:01','1992-05-14 09:36:21'),(80,80,'So Alice got up in her own ears for having cheated herself in a low, hurried tone. He looked at Alice. \'It must be getting somewhere near the door, staring stupidly up into the sea, \'and in that.','1982-11-27 04:12:32','1985-11-02 01:20:16'),(81,81,'Gryphon: and it was her dream:-- First, she dreamed of little Alice herself, and nibbled a little timidly: \'but it\'s no use speaking to a lobster--\' (Alice began to say it over) \'--yes, that\'s about.','1973-12-22 07:30:42','1991-04-12 21:15:11'),(82,82,'I\'m sure _I_ shan\'t be beheaded!\' \'What for?\' said the Hatter. \'You MUST remember,\' remarked the King, with an air of great dismay, and began to cry again, for this time she had plenty of time as.','1977-10-08 16:37:18','2000-07-27 06:03:05'),(83,83,'I needn\'t be so stingy about it, even if I shall have somebody to talk nonsense. The Queen\'s argument was, that anything that had fallen into the loveliest garden you ever see you again, you dear.','1975-07-19 10:34:53','2017-09-22 04:17:27'),(84,84,'Dormouse indignantly. However, he consented to go from here?\' \'That depends a good opportunity for making her escape; so she tried her best to climb up one of the singers in the kitchen that did not.','2000-06-19 13:21:41','1985-12-07 09:55:26'),(85,85,'And she went to school every day--\' \'I\'VE been to a mouse: she had forgotten the words.\' So they had to stoop to save her neck from being broken. She hastily put down her anger as well she might,.','1978-04-18 16:18:05','2010-07-28 07:15:17'),(86,86,'Ah, THAT\'S the great concert given by the English, who wanted leaders, and had been to a shriek, \'and just as she could get to the Queen, and in his throat,\' said the Cat: \'we\'re all mad here. I\'m.','2017-06-07 12:25:51','2012-05-13 00:58:28'),(87,87,'King. \'It began with the next witness would be grand, certainly,\' said Alice indignantly. \'Let me alone!\' \'Serpent, I say again!\' repeated the Pigeon, raising its voice to its feet, ran round the.','1986-09-01 16:54:48','2005-11-12 00:31:58'),(88,88,'Alice, flinging the baby with some curiosity. \'What a funny watch!\' she remarked. \'There isn\'t any,\' said the King, looking round the hall, but they all cheered. Alice thought she had hurt the poor.','1989-12-23 20:36:35','1995-06-13 11:49:27'),(89,89,'I--\' \'Oh, don\'t talk about her pet: \'Dinah\'s our cat. And she\'s such a fall as this, I shall only look up and picking the daisies, when suddenly a footman in livery, with a yelp of delight, and.','1984-04-12 08:41:25','2010-07-24 17:54:44'),(90,90,'I can do without lobsters, you know. Please, Ma\'am, is this New Zealand or Australia?\' (and she tried another question. \'What sort of people live about here?\' \'In THAT direction,\' waving the other.','2006-08-22 22:24:18','2004-07-28 09:52:58'),(91,91,'I breathe\"!\' \'It IS the use of a treacle-well--eh, stupid?\' \'But they were playing the Queen to-day?\' \'I should have croqueted the Queen\'s hedgehog just now, only it ran away when it had been. But.','1978-10-02 23:35:10','2007-08-15 12:59:28'),(92,92,'SAID was, \'Why is a raven like a stalk out of sight, he said do. Alice looked very anxiously into its mouth again, and the words \'DRINK ME,\' but nevertheless she uncorked it and put it into his.','1985-09-02 12:42:27','2020-08-20 04:10:15'),(93,93,'I\'m grown up now,\' she added in a coaxing tone, and everybody else. \'Leave off that!\' screamed the Queen. An invitation for the Dormouse,\' thought Alice; \'I must be really offended. \'We won\'t talk.','1978-03-21 23:32:25','1993-01-12 14:06:49'),(94,94,'English); \'now I\'m opening out like the largest telescope that ever was! Good-bye, feet!\' (for when she first saw the Mock Turtle, and to hear his history. I must sugar my hair.\" As a duck with its.','2011-03-10 20:51:33','2014-05-15 12:08:55'),(95,95,'Alice was not here before,\' said Alice,) and round the court and got behind Alice as it was good manners for her neck from being run over; and the other players, and shouting \'Off with her head!\'.','2014-05-13 16:19:32','1976-09-06 01:20:08'),(96,96,'ALL RETURNED FROM HIM TO YOU,\"\' said Alice. \'Anything you like,\' said the Footman, and began singing in its sleep \'Twinkle, twinkle, twinkle, twinkle--\' and went on in a great crowd assembled about.','1970-02-05 16:18:00','2001-02-05 20:17:18'),(97,97,'The jury all wrote down on their slates, when the race was over. Alice was more than that, if you hold it too long; and that if something wasn\'t done about it while the Dodo replied very gravely..','2007-07-08 07:24:57','1984-07-22 20:52:59'),(98,98,'Come on!\' \'Everybody says \"come on!\" here,\' thought Alice, \'and if it please your Majesty?\' he asked. \'Begin at the flowers and the Queen, the royal children, and make out which were the cook, to.','1993-12-15 12:33:16','1989-12-06 05:50:45'),(99,99,'In another minute there was enough of it in a hurry: a large dish of tarts upon it: they looked so good, that it felt quite strange at first; but she had known them all her coaxing. Hardly knowing.','2001-09-24 15:15:10','1989-09-13 08:07:00'),(100,100,'Alice desperately: \'he\'s perfectly idiotic!\' And she began again. \'I should have liked teaching it tricks very much, if--if I\'d only been the right way to fly up into hers--she could hear the name.','2005-09-07 08:14:38','1982-03-09 18:06:23');
/*!40000 ALTER TABLE `posts` ENABLE KEYS */;
UNLOCK TABLES;

--
-- Table structure for table `posts_likes`
--

DROP TABLE IF EXISTS `posts_likes`;
/*!40101 SET @saved_cs_client     = @@character_set_client */;
/*!40101 SET character_set_client = utf8 */;
CREATE TABLE `posts_likes` (
  `post_id` bigint(20) unsigned NOT NULL,
  `user_id` bigint(20) unsigned NOT NULL,
  `like_type` tinyint(1) DEFAULT 1,
  PRIMARY KEY (`post_id`,`user_id`),
  KEY `post_idx` (`post_id`),
  KEY `user_idx` (`user_id`),
  CONSTRAINT `posts_likes_fk` FOREIGN KEY (`post_id`) REFERENCES `posts` (`id`),
  CONSTRAINT `users_likes_fk` FOREIGN KEY (`user_id`) REFERENCES `users` (`id`)
) ENGINE=InnoDB DEFAULT CHARSET=utf8mb4 COLLATE=utf8mb4_unicode_ci;
/*!40101 SET character_set_client = @saved_cs_client */;

--
-- Dumping data for table `posts_likes`
--

LOCK TABLES `posts_likes` WRITE;
/*!40000 ALTER TABLE `posts_likes` DISABLE KEYS */;
INSERT INTO `posts_likes` VALUES (1,1,1),(2,2,1),(3,3,1),(4,4,1),(5,5,1),(6,6,1),(7,7,1),(8,8,1),(9,9,1),(10,10,1),(11,11,1),(12,12,1),(13,13,1),(14,14,1),(15,15,1),(16,16,1),(17,17,1),(18,18,1),(19,19,1),(20,20,1),(21,21,1),(22,22,1),(23,23,1),(24,24,1),(25,25,1),(26,26,1),(27,27,1),(28,28,1),(29,29,1),(30,30,1),(31,31,1),(32,32,1),(33,33,1),(34,34,1),(35,35,1),(36,36,1),(37,37,1),(38,38,1),(39,39,1),(40,40,1),(41,41,1),(42,42,1),(43,43,1),(44,44,1),(45,45,1),(46,46,1),(47,47,1),(48,48,1),(49,49,1),(50,50,1),(51,51,1),(52,52,1),(53,53,1),(54,54,1),(55,55,1),(56,56,1),(57,57,1),(58,58,1),(59,59,1),(60,60,1),(61,61,1),(62,62,1),(63,63,1),(64,64,1),(65,65,1),(66,66,1),(67,67,1),(68,68,1),(69,69,1),(70,70,1),(71,71,1),(72,72,1),(73,73,1),(74,74,1),(75,75,1),(76,76,1),(77,77,1),(78,78,1),(79,79,1),(80,80,1),(81,81,1),(82,82,1),(83,83,1),(84,84,1),(85,85,1),(86,86,1),(87,87,1),(88,88,1),(89,89,1),(90,90,1),(91,91,1),(92,92,1),(93,93,1),(94,94,1),(95,95,1),(96,96,1),(97,97,1),(98,98,1),(99,99,1),(100,100,1);
/*!40000 ALTER TABLE `posts_likes` ENABLE KEYS */;
UNLOCK TABLES;

--
-- Table structure for table `profiles`
--

DROP TABLE IF EXISTS `profiles`;
/*!40101 SET @saved_cs_client     = @@character_set_client */;
/*!40101 SET character_set_client = utf8 */;
CREATE TABLE `profiles` (
  `user_id` bigint(20) unsigned NOT NULL,
  `gender` enum('f','m','x') COLLATE utf8mb4_unicode_ci NOT NULL,
  `birthday` date NOT NULL,
  `photo_id` bigint(20) unsigned DEFAULT NULL,
  `user_status` varchar(30) COLLATE utf8mb4_unicode_ci DEFAULT NULL,
  `city` varchar(130) COLLATE utf8mb4_unicode_ci DEFAULT NULL,
  `country` varchar(130) COLLATE utf8mb4_unicode_ci DEFAULT NULL,
  PRIMARY KEY (`user_id`),
  UNIQUE KEY `photo_id` (`photo_id`),
  CONSTRAINT `fk_profiles_media` FOREIGN KEY (`photo_id`) REFERENCES `media` (`id`),
  CONSTRAINT `fk_profiles_users` FOREIGN KEY (`user_id`) REFERENCES `users` (`id`)
) ENGINE=InnoDB DEFAULT CHARSET=utf8mb4 COLLATE=utf8mb4_unicode_ci;
/*!40101 SET character_set_client = @saved_cs_client */;

--
-- Dumping data for table `profiles`
--

LOCK TABLES `profiles` WRITE;
/*!40000 ALTER TABLE `profiles` DISABLE KEYS */;
INSERT INTO `profiles` VALUES (1,'x','1999-02-07',1,'Ipsa ipsa a ut ea. Aut aut et ','Nyahview','1771'),(2,'x','1980-06-04',2,'Ipsum velit harum at fugiat au','South Bryana','3'),(3,'x','2013-09-25',3,'Dolorem ea in maxime optio arc','East Edenland','604067'),(4,'m','1989-12-13',4,'Cumque vel magnam rem quasi mi','Garretmouth','2'),(5,'x','2014-08-02',5,'Ea aliquam inventore aut conse','Conroyview','4251'),(6,'m','2007-01-01',6,'Omnis odio aspernatur ipsa lib','Dickinsonfort',''),(7,'m','2008-01-31',7,'Quaerat asperiores quia quia v','South Elvera','1'),(8,'f','1995-05-29',8,'Soluta id incidunt nostrum eli','Naderfurt','39'),(9,'m','2010-08-24',9,'Maxime minus et veniam qui. Qu','New Betsy',''),(10,'m','2012-10-27',10,'Sit delectus excepturi impedit','Lake Deefort','2447'),(11,'x','2018-08-24',11,'Est nostrum nostrum et molesti','Robertsfort','50058'),(12,'x','1976-10-22',12,'Enim voluptatum eveniet delect','East Ronnyfurt','3048749'),(13,'m','1980-06-12',13,'A corporis deleniti maiores. E','Lake Millieview',''),(14,'x','1988-03-18',14,'Eligendi beatae occaecati dist','Keeblerside','652678'),(15,'x','1999-03-06',15,'Est ut vero natus delectus num','West Tinaborough','287262108'),(16,'f','1990-11-13',16,'Ea aut laudantium sunt. Et et ','West Kristy','856714064'),(17,'f','2000-04-06',17,'Et necessitatibus distinctio a','Jaylenfurt','162155'),(18,'f','2015-09-13',18,'Nulla sint ex amet animi verit','Welchhaven','92625'),(19,'m','1986-12-13',19,'Ratione nihil blanditiis facer','Nicoberg','594068'),(20,'m','2011-03-27',20,'Minus placeat provident necess','Port Lenorastad','9819634'),(21,'m','1974-10-06',21,'Aut id consequuntur laborum ve','Emilianohaven','13879'),(22,'m','1993-01-24',22,'Sint molestias fugiat praesent','Krismouth','55001'),(23,'x','2007-10-28',23,'Ut illum excepturi facilis ess','Petemouth','8'),(24,'m','1993-02-20',24,'Rerum repellat nulla sed illum','Lake Johanntown','79'),(25,'f','1978-10-12',25,'Inventore sit aperiam dolores ','West Corrine',''),(26,'x','1975-07-30',26,'Fugiat earum accusamus velit e','Port Jonatanmouth','68552'),(27,'f','2007-08-19',27,'Error aut veritatis eligendi v','North Estellview','2178'),(28,'m','1993-04-07',28,'Quos debitis deserunt et bland','West Catalinaland','58455'),(29,'f','1999-05-21',29,'Cum excepturi ex asperiores. D','Freddiemouth','598655'),(30,'m','1995-08-25',30,'Soluta dolorem ipsum autem sin','Jaronbury','430253'),(31,'m','2019-05-19',31,'Iste adipisci iure ea consequu','Trentton','7'),(32,'x','1983-02-06',32,'Dicta vel quod iste. Quibusdam','Manuelstad','91093'),(33,'m','2013-11-10',33,'Quaerat adipisci consectetur u','Delbertfurt','2'),(34,'x','1984-07-22',34,'Delectus amet quis harum adipi','Lake Cora','74582528'),(35,'m','2017-12-26',35,'Ut aperiam velit rerum. Et aut','West Kentonchester','7351253'),(36,'f','2002-05-13',36,'Ducimus repudiandae optio cumq','Gianniburgh','59487'),(37,'m','1996-06-04',37,'Rerum et non veritatis dolor e','VonRuedenton',''),(38,'x','1987-04-30',38,'Qui cum beatae voluptatem pari','West Enochchester','4301'),(39,'m','2011-03-05',39,'Rerum natus quam laboriosam re','Monserrateport','5'),(40,'x','1981-07-16',40,'Quod molestiae quam quod illo.','New Elbertland','21832136'),(41,'x','1991-03-21',41,'Quia velit recusandae quae rem','North Roderickfurt','4'),(42,'x','2011-08-03',42,'Praesentium recusandae autem u','Mckennaville','496693'),(43,'m','1981-07-25',43,'Delectus quam et aut hic. Nesc','South Fernandoborough','91'),(44,'x','2005-01-10',44,'Corrupti molestias et qui duci','Stoltenbergchester','370417'),(45,'x','1971-11-18',45,'Voluptate eos rerum ut volupta','New Dustin','113161718'),(46,'x','2001-08-21',46,'Totam perferendis quisquam dol','North Kattie','899835'),(47,'m','2006-04-14',47,'Odit voluptatem beatae debitis','Stoltenbergshire','720524946'),(48,'m','1998-09-14',48,'Quasi ex similique impedit et ','Wilkinsonport','3259834'),(49,'m','2004-12-31',49,'Aut dolor dignissimos velit qu','Katarinaland','39258293'),(50,'f','1983-10-13',50,'At ut consequuntur accusantium','Schmittchester','81'),(51,'x','1982-11-28',51,'Aut sit et libero quaerat cons','Haleyshire','14143'),(52,'f','1977-09-28',52,'Sunt minus quibusdam quidem. O','Abshirestad','9957489'),(53,'m','2012-08-11',53,'Voluptatem quos qui rem iusto ','Amosport','38'),(54,'m','2003-12-25',54,'Voluptatem deserunt autem quia','South Domenicofort','155'),(55,'x','2013-03-12',55,'Aut reprehenderit architecto a','Hansenstad','58'),(56,'m','1972-12-08',56,'Voluptatum molestiae eveniet e','South Bulahton','474880'),(57,'f','1985-11-03',57,'Consequatur nihil omnis aliqui','Creminhaven','726394386'),(58,'m','1985-12-09',58,'Esse hic laborum porro modi co','Kingland',''),(59,'x','2000-08-18',59,'Aut eius sit laudantium odit a','North Matilde','228993'),(60,'x','2010-05-30',60,'Et aliquam asperiores magnam u','Port Madilynfort','93051'),(61,'m','2006-09-22',61,'Et fugit et amet ratione ea es','Runolfsdottirhaven','148704'),(62,'f','1989-07-22',62,'Quo consectetur molestias et s','Port Vergiemouth','38489'),(63,'f','2008-05-19',63,'Neque voluptas quam consequatu','Lake Kassandra',''),(64,'f','2019-08-04',64,'Sit officia dolor repellendus ','Port Jamirhaven','6600'),(65,'f','2011-04-12',65,'Ducimus debitis commodi debiti','West Adolphmouth','2421493'),(66,'m','1994-03-26',66,'Corrupti et id eos modi. Qui q','South Ludie','241'),(67,'x','1987-07-16',67,'Quam aliquid vel corporis at d','East Eleanoraville','50'),(68,'f','1974-02-06',68,'In consequatur perspiciatis do','Huelston','4887636'),(69,'m','1988-09-12',69,'Quae enim illum nihil sed temp','North Nyah','888'),(70,'f','2019-12-17',70,'Voluptatem voluptas est minus ','East Alfredo','380347358'),(71,'m','2001-12-25',71,'Officia itaque quis delectus t','New Esperanzabury','4327036'),(72,'m','2017-12-05',72,'Impedit fuga in doloremque und','East Jules','625'),(73,'x','1983-07-19',73,'Omnis qui qui sequi molestias ','Lake Ahmed','995661'),(74,'m','1976-10-26',74,'Natus voluptatem aut accusamus','Marquardtberg','5'),(75,'f','1992-05-21',75,'Nulla nulla praesentium eum ip','Naderfort','60597946'),(76,'x','1999-11-12',76,'Repudiandae beatae aperiam qui','Lake Jazmyn','5576'),(77,'x','1984-11-11',77,'Quibusdam itaque dicta et blan','Lefflertown',''),(78,'f','1970-01-25',78,'Totam sed dolorem facere est i','East Litzyshire','8926815'),(79,'x','2000-10-08',79,'Explicabo esse non ipsum dolor','Velmamouth','6'),(80,'f','1990-12-23',80,'Omnis consectetur alias ipsam ','Legrosfurt','8013'),(81,'f','1973-02-25',81,'Et aut illum enim et. Sunt arc','Clevelandtown',''),(82,'m','2005-10-17',82,'Iste illo eum quae eos reprehe','New Fabiolaport','27613'),(83,'m','2013-03-16',83,'Magnam dolorem impedit vitae. ','North Alexandre','259129'),(84,'x','2008-02-01',84,'Dolorum deleniti nisi repellen','Lehnerport','5620'),(85,'f','1986-10-12',85,'Quod laudantium facere fuga. R','East Liam','114722019'),(86,'f','1991-09-04',86,'Quidem ut eius iure facilis ut','McLaughlinside','82'),(87,'x','1974-06-14',87,'Ullam occaecati error illum co','Port Frieda','860626'),(88,'f','1971-03-07',88,'Optio in aperiam laboriosam du','Alessandrashire','874'),(89,'m','1988-12-19',89,'Consequatur minima et error. I','South Rachelhaven','199166'),(90,'f','2008-03-21',90,'Dolore numquam omnis aut rerum','New Hallietown','2'),(91,'m','2006-08-20',91,'Maiores facere enim quisquam o','Kadenton',''),(92,'f','1978-01-19',92,'Reprehenderit quae cumque et e','West Mariana','513417'),(93,'m','2001-09-29',93,'Quo blanditiis commodi velit a','South Casandra','739133577'),(94,'f','1988-01-10',94,'Sunt sed veniam deleniti tempo','Zulaufton','916190919'),(95,'x','1979-11-10',95,'Accusamus exercitationem est q','O\'Konchester','16'),(96,'m','1972-05-10',96,'Dolores et minima ducimus quod','New Reyesland','939093006'),(97,'m','1993-09-12',97,'Possimus veritatis ut eaque co','Roryborough','808725'),(98,'x','2013-04-22',98,'Earum harum eaque beatae vitae','East Justineborough','108271840'),(99,'f','1974-02-22',99,'Eum voluptas asperiores volupt','Kshlerinport',''),(100,'m','2011-07-25',100,'Enim tempore ut ex dolorem cup','Rennermouth','665386');
/*!40000 ALTER TABLE `profiles` ENABLE KEYS */;
UNLOCK TABLES;

--
-- Table structure for table `users`
--

DROP TABLE IF EXISTS `users`;
/*!40101 SET @saved_cs_client     = @@character_set_client */;
/*!40101 SET character_set_client = utf8 */;
CREATE TABLE `users` (
  `id` bigint(20) unsigned NOT NULL AUTO_INCREMENT,
  `first_name` varchar(145) COLLATE utf8mb4_unicode_ci NOT NULL,
  `last_name` varchar(145) COLLATE utf8mb4_unicode_ci NOT NULL,
  `email` varchar(145) COLLATE utf8mb4_unicode_ci NOT NULL,
  `phone` char(11) COLLATE utf8mb4_unicode_ci NOT NULL,
  `password_hash` char(65) COLLATE utf8mb4_unicode_ci DEFAULT NULL,
  `created_at` datetime NOT NULL DEFAULT current_timestamp(),
  PRIMARY KEY (`id`),
  UNIQUE KEY `email_idx` (`email`),
  UNIQUE KEY `phone_idx` (`phone`)
) ENGINE=InnoDB AUTO_INCREMENT=101 DEFAULT CHARSET=utf8mb4 COLLATE=utf8mb4_unicode_ci;
/*!40101 SET character_set_client = @saved_cs_client */;

--
-- Dumping data for table `users`
--

LOCK TABLES `users` WRITE;
/*!40000 ALTER TABLE `users` DISABLE KEYS */;
INSERT INTO `users` VALUES (1,'Coy','Homenick','vern.heathcote@example.net','588.955.557','5305cdce2bcd8e223540f71033b4f016679fdfd6','1990-08-27 03:47:05'),(2,'Kyle','Predovic','freeman94@example.com','1-175-722-6','800ed4e8d746739c3cdffac903dea9afb8cd3562','1989-12-04 15:43:27'),(3,'Susanna','Howell','jacquelyn69@example.net','1-484-124-6','2ee29f4bd833ef637a764e9092f3e9d8d47a9550','2004-03-28 11:57:41'),(4,'Ahmad','Terry','velva.lubowitz@example.net','(652)538-78','e164bbc0fb447518195122c50ef4a3c90ccaaeb8','2008-09-08 20:46:13'),(5,'Wilfredo','D\'Amore','jimmie.schamberger@example.org','034-009-841','97ff68c7c460be3f571f4163f05b6e145b03e2f7','1981-01-15 10:21:24'),(6,'Rod','Hudson','kevon43@example.org','526-372-533','9a81eb10f0d5681dec0bf6c343bee1b28fe0d95e','1991-03-27 09:20:34'),(7,'Lottie','Trantow','denesik.ivah@example.com','+74(4)42981','78873dc1b53c4041b858f89142df434aa6724ad8','1994-02-22 12:55:52'),(8,'Seamus','Dach','bins.kristofer@example.org','1-802-112-2','f3710ceb9d6a935fc95b69f6aa486968feab8d9e','2010-03-16 14:28:54'),(9,'Linnea','Aufderhar','faustino26@example.net','04611931742','ff77b4214ed03071ee694813ec7e12c96971c3ab','1992-03-31 00:27:49'),(10,'Vernice','Sawayn','eulalia53@example.org','226.604.217','26ea855866d36dd93ebc877ce2b38712b8f4a538','2001-04-26 10:14:34'),(11,'Myrtie','Kuphal','abeatty@example.org','06145624688','3708fe21626c3378c4b37a250510005997b64c38','2015-12-11 22:45:02'),(12,'Cara','Watsica','ike.ryan@example.com','794.942.610','22290820f3eaf5e442d6e64383e8197f8c7c172d','2015-06-07 02:31:17'),(13,'Hassie','Shanahan','giles.dach@example.net','1-219-433-0','da9a4ebb29637cf9e0f1671b9dd0adacedc138d7','2000-08-14 20:42:18'),(14,'Kari','Lehner','frances.simonis@example.com','(179)400-03','2ec9de88ca28dd0c798205d10f9e6df0cf37b96b','1988-10-23 09:08:08'),(15,'Vincent','Hamill','ariane.christiansen@example.net','237.616.782','3183a5e31c413d9affbb212e6f2d713968a3cb3f','1995-11-13 03:08:10'),(16,'Cecile','Lubowitz','jalen.ruecker@example.com','747.765.713','d759a4a992035685914fd0c7d5a100bae345cd3d','2014-10-31 02:00:43'),(17,'Darian','Olson','merle.bode@example.org','(529)337-78','90597588bc21a956efd12a51ed41b2746da56a92','2010-12-05 21:57:39'),(18,'Dorthy','Veum','maxine.heathcote@example.org','(397)147-53','f3b488f9aac4d0194e184e9a468f3b55ab98b80c','1974-04-27 07:05:04'),(19,'Dylan','Hagenes','rullrich@example.com','(339)338-58','5ca39aaf68c9eeb9913d96ad5557ab537ad3378b','2017-06-25 00:22:33'),(20,'Pedro','Murray','altenwerth.agustin@example.com','+44(5)26678','0f73750160b65a8cf595d4f3eb1c292f956b9fcc','2019-04-10 08:59:01'),(21,'Brant','Windler','delphia.daniel@example.net','+08(3)83230','85e83e9ae8392a53b90dd4b4f667545764a936f9','2009-11-14 14:01:15'),(22,'Elwyn','Morissette','rau.jevon@example.com','381.573.699','7ecd27566f4374bf79e86bc13ff963738275129b','2008-06-09 21:19:44'),(23,'Marietta','O\'Keefe','anderson.alexandro@example.net','767.216.645','720c0c0283ca3a797da065feea4e8b44711b1b9c','1974-06-17 20:48:17'),(24,'Angelica','Keeling','champlin.sabina@example.org','+94(4)11323','acff25aa9f3087289986dae071f7a53506112cc6','1978-06-05 11:28:08'),(25,'Elyse','Gottlieb','nwatsica@example.com','(149)845-52','dbf6f6f4a8775d2e8468c8a17d90634e7211bb38','2011-07-13 14:09:44'),(26,'Bulah','Kuvalis','fcruickshank@example.org','709.098.745','799949830cdfa43a36ef047d478874c3edfcf0ba','2013-04-29 05:15:43'),(27,'Armando','Schmidt','daniel.devon@example.org','(678)469-19','4c20690f2586459277efcf292978ff3fd32f535a','2018-07-10 03:43:40'),(28,'Brown','Gottlieb','go\'connell@example.com','671-628-859','66ee9bf39eaa61829395ff9302bfaa3bd2b1512a','2012-02-07 09:27:56'),(29,'Zena','Homenick','glover.lorna@example.net','(408)887-95','0471f374deda97d25353567f11db2f478321a84e','1975-01-04 06:27:57'),(30,'Rubie','Bogisich','ohand@example.com','1-927-935-8','54605b1a2ad4c0a74c83a89d80676043da8edd5d','2020-04-16 08:15:36'),(31,'Erin','Schuster','jeffrey.leannon@example.com','(158)550-14','64df2a9816de5c4c71d9bb91d5a2377d83a79f63','2002-07-19 19:19:41'),(32,'Retta','Kemmer','qparisian@example.net','03485521906','a5e96dd225bc04528d220f5473614df8cc4ca8af','2010-12-08 03:19:54'),(33,'Doug','Heller','astiedemann@example.org','07313181584','d9207bef3e1d24fa2eeabbcdcb8113ab8e055790','2020-03-04 22:15:36'),(34,'Hannah','Lockman','vickie.howell@example.org','306.252.568','366f352394200a3042e065ff6c64d39256948a5b','2013-12-26 10:30:56'),(35,'Norbert','Feil','wiza.bennett@example.net','301.981.251','90c061cb573448aef7872820ffe8fb1058c60cbe','2007-07-11 04:12:49'),(36,'Alexzander','Emard','kupton@example.net','944-125-947','30782ed09c9a0d44e6690f9fb09142c0abb7c915','1990-04-15 22:08:06'),(37,'Nelle','Mante','wiegand.rafael@example.org','335.889.177','04dc3a26caefa306789fcf6341e3275778dde002','2014-05-11 23:36:16'),(38,'Carmine','Weimann','minerva.lehner@example.com','1-596-481-1','307ab1f4bf121fa459e8de1a9b497487f33c6f9b','1990-12-03 18:43:52'),(39,'Marielle','Nitzsche','waelchi.van@example.net','517-702-240','1a8727c2b18cc99d7760276589603dba3c12a40e','1973-04-05 13:17:50'),(40,'Jamar','O\'Reilly','antonietta.feil@example.org','1-376-697-3','13381d7f99d2980522121bb4534debca7611647c','1999-12-03 17:18:40'),(41,'Colton','Douglas','electa.hermiston@example.net','322.168.426','afd8e7052f1ebbce7345dbe4c6fc581e3d5f74d8','1977-02-18 12:12:15'),(42,'Luigi','Hudson','elody30@example.net','1-760-122-6','2b4de83dc00ef4ee5835c482903762bcd9e23066','1978-07-10 16:22:21'),(43,'Brando','Hand','percy76@example.net','(804)282-55','c19c69a5a172e9b1e72def8bd5a06c0290592393','2001-06-20 12:26:30'),(44,'Frederic','Cronin','larson.carmen@example.org','238.766.360','6b5d0893bdc9281cb33dc99e72196300d1e0c1bb','1999-01-13 07:59:34'),(45,'Jadyn','Lebsack','ratke.terry@example.net','636.799.307','5090bb29417459729ceaf0328d34fc86f67208d5','1979-12-08 08:34:49'),(46,'Barbara','Littel','ardith.larkin@example.com','1-235-701-5','ba917779bd919cdbf3fe326ebf88e7bea8400bc3','2014-10-10 02:47:25'),(47,'Willie','O\'Hara','kassulke.maci@example.com','751-298-737','66a146a29c7211228dbcf8766da82d2dc965d4ea','1972-03-09 11:28:32'),(48,'Rosa','Powlowski','cummerata.marjolaine@example.net','(226)873-50','fb3ec40e44c3022ff25c3a9c85a5244e02b039a9','1997-02-17 16:01:49'),(49,'Jailyn','Morissette','jrunolfsdottir@example.com','(877)349-69','59e4c39da719c9a3148c6ebacbe902c1570bdf29','2001-06-29 21:47:12'),(50,'Annamarie','Ullrich','miller.moshe@example.org','(130)788-37','b2e4796dcec0dab8f29674776757c22571921bf4','2017-09-20 17:30:56'),(51,'Ariel','Kulas','ileuschke@example.com','375.336.208','eeb27290d45878cfa8f5b797435ebed3c76629fd','2019-01-05 04:00:15'),(52,'Lucy','Schimmel','leif43@example.com','982.874.920','ef91957e30c96b3d49e2a53cbdacc81e68cde89d','1976-04-12 19:05:35'),(53,'Mose','Sporer','spinka.gretchen@example.com','+96(7)08319','0210069eca0601c6cfbe1c82767dd79df2a187b9','1985-07-03 02:45:55'),(54,'Elroy','Graham','scarlett.simonis@example.net','1-980-326-4','d74eaf8dd23c06d49458f9b2627cfd47dc4a6f40','1988-04-23 22:10:33'),(55,'Tyra','Stracke','runte.raphael@example.net','440.964.064','34d46198bca4f074f1fbe1bf57cae0be21c012c2','1975-10-21 18:30:47'),(56,'Travis','Rath','tamara37@example.net','409.613.067','c3aa5254d7e5dbe32e3510024e7ec4b7a2247818','2007-02-03 01:58:55'),(57,'Rickie','Glover','rkoss@example.net','675-424-663','3120b2ec9c7add92b3ad3fd26b880280d21d6ccb','2007-10-20 04:56:15'),(58,'Heather','Stroman','delia80@example.org','1-722-532-3','dbea0cf0e0caa450339759bb612d7e0b11918aff','1988-06-19 08:01:30'),(59,'Joelle','Hayes','eugenia.simonis@example.com','162-236-728','ed0a5b15d7c35099c580473e6b98c88c8f5f2c8a','2019-10-30 21:54:25'),(60,'Ayla','Keebler','gwhite@example.org','(254)008-69','a6c12f2ce218a90c779af13498300c650f9077e6','1978-03-23 00:38:14'),(61,'Lenora','Bauch','margarete.bahringer@example.com','04854342201','7ce984f6730b147770dd0034957bb304b06b845d','1991-11-23 01:07:41'),(62,'Dudley','Jacobson','hipolito.schmitt@example.net','(215)315-92','5e2de3e05ccd1885b448b2dc57badff86744acc1','2020-08-31 00:15:25'),(63,'Cletus','Olson','zpredovic@example.org','559-109-238','89004fe75d403002b43a4948c96740423f8db46c','1987-08-14 10:46:07'),(64,'Jaime','Goldner','grace.moen@example.net','(850)963-42','cb0426e0883f763fd84299a48a0ec0c9a91a60ee','1999-04-30 01:03:46'),(65,'Rashad','Herzog','beier.tony@example.com','1-193-643-3','0c7f37c240c87eb14f0a1948420eb52988760fe0','2011-06-23 09:25:52'),(66,'Doris','Bailey','jody.feeney@example.com','+82(1)83204','7531d9b3da0c512a3f50a69e5ce09e41a8b5de97','1987-04-25 00:26:39'),(67,'Emmanuelle','Schmeler','lucinda79@example.net','717.819.070','1afc2c24735e524e72b135cf806d82c7a7e00c26','1980-05-16 07:07:14'),(68,'Frieda','Quigley','hank.thompson@example.net','05056957703','3f12419b92cbcec7f270b1e2e1a7dae3a53aefbf','2016-09-15 22:15:09'),(69,'Ned','Hessel','donald.ritchie@example.com','+01(1)53387','78b704f16d6bb9eb00b866e1744e334557935320','1990-10-23 19:21:11'),(70,'Barrett','Predovic','delta.boehm@example.net','06159454227','8a7aa4aa900a726c7c1c36f0db13d4eb201d93f6','1977-01-29 02:47:27'),(71,'Jaeden','McCullough','hauck.jermain@example.org','06823523683','f5efc1b033d02c07ae813316dfc0471ab03cd26f','1997-10-15 06:24:57'),(72,'Miller','Bradtke','katlyn85@example.org','931-865-768','737d9bcb442319a964aac805d16e52f4f2997e88','1995-05-12 01:44:07'),(73,'Aidan','DuBuque','fritsch.nils@example.com','04051199185','9a31a5c3f2d2eebc9326f942c385456a352c29a7','1970-03-18 11:50:20'),(74,'Jaycee','Jacobs','gislason.courtney@example.org','04199355822','0df08a608cf4a45aa112aaf6591f992a20eea18c','1977-03-23 23:36:07'),(75,'Esperanza','Mosciski','jaden.cartwright@example.com','(401)746-96','637e4ce904d471aa321f407634937d9d8f8e9cad','2013-08-10 17:48:27'),(76,'Elsa','Nicolas','ykoelpin@example.com','1-215-963-5','112a5c1c0e01bb8f74714061c00d386601c1a7ef','2011-12-08 19:59:52'),(77,'Judge','Weissnat','zmedhurst@example.com','(769)849-10','15d27555c8b4882bae79506348e080847311848c','1986-05-24 13:25:25'),(78,'Alysa','Gutkowski','eliza.fahey@example.org','018-323-322','8c51c1aef0e6398bb8bf33ffe81d349ec3ad7296','2019-09-12 14:53:32'),(79,'Sydney','Muller','jcasper@example.net','(262)741-78','2ba7a93307060f3ede1989f124c1b164d8e20805','2015-01-25 15:31:20'),(80,'Albina','Runolfsdottir','stanley.gleichner@example.org','(348)643-92','796da619d1a7054a0982c9c2541932c6fffefce5','1980-08-03 08:11:26'),(81,'Daisha','Schowalter','giuseppe.erdman@example.org','+42(1)20159','cad320f467366965079a5c3fd6d1a804166912ae','1991-06-25 00:48:59'),(82,'Fabiola','Bogan','xmurazik@example.com','00652376105','ebe064f38963d51ba71175383f120089620f36eb','2019-11-02 02:34:44'),(83,'Johann','Bartoletti','stark.hazle@example.com','1-954-863-9','9f475a1e63c6ab827c7c7b7364bded4d1cde46b5','1988-11-28 16:18:11'),(84,'Marisol','Klein','krajcik.carmine@example.net','641.309.101','1cb057becfbe5ff01dab57cf0268deb5bf5cbdb2','1987-04-21 23:50:16'),(85,'Kaylah','Cremin','lorena.hermann@example.org','998-117-865','41df492096c543d27f61bc7b1dbf7cca4dc59ff4','2019-07-26 04:54:47'),(86,'Kailyn','Schultz','froob@example.net','508-866-772','7101d9adea72b65ad32d30a2d9d2ed0d6f33aad6','1982-09-27 16:28:52'),(87,'Grayce','Wehner','hegmann.antonia@example.org','(029)345-17','6c449e7511bd662268a5d2b8b48f736a0eee743e','1981-10-21 22:21:25'),(88,'Olga','O\'Kon','metz.joe@example.com','1-494-282-7','8a7a934e5903a00840421d411a37c66638b66598','1986-09-15 12:35:35'),(89,'Sid','Lang','watson87@example.org','1-135-553-9','789d0e85a219b5a7854bcadf2e55b35cb3417693','2017-08-02 15:14:30'),(90,'Karine','Abshire','cyundt@example.org','127-301-646','8d9e8857328e66d5c2e7e608acbfb7d9de7118ea','2004-02-14 12:12:54'),(91,'Kenyatta','Hagenes','lexi22@example.com','(371)086-69','b417771a73943ddc89f9306ecc6eb6e8a63e627d','2004-10-07 16:08:41'),(92,'Felix','Wintheiser','sigrid80@example.org','08110960960','a021b6031b7e73fd18bb798f23dd7a9f6e0c5740','2021-04-06 23:18:35'),(93,'Lily','Beer','gottlieb.myrtice@example.org','448.875.176','aed8246f1537deb31cc349b5bfae80ff54bbbeb5','1992-05-07 21:52:26'),(94,'Lucius','Mueller','fkuhn@example.com','(655)979-88','2d2606f0a6c5d175e9897ef53ccfe460e8e839eb','1975-11-30 05:05:39'),(95,'Lane','Lubowitz','eloisa.bosco@example.com','03465243896','3d135ebd4b35da4e4f03358c0bc478475a0df508','1991-10-24 04:47:56'),(96,'Darrin','Ziemann','lkerluke@example.org','+28(5)82365','0f93b834a34b41f32fb4ae9e8ea01b97dae0b501','2016-07-07 05:39:51'),(97,'Melba','Bahringer','qoberbrunner@example.org','539.771.093','12125d4724fc56959422238e38b5187e8d2db9c1','1997-09-09 22:14:59'),(98,'Connie','Paucek','sromaguera@example.net','+56(0)33220','53aaf211a80aeed917bf515d000d1377deead38d','1990-02-08 20:54:04'),(99,'Rodrick','Nitzsche','brycen60@example.net','710-819-042','3ec257990779012b89e2e5c92935fe6ebecf3ec8','2013-11-29 06:16:01'),(100,'Lula','Kuphal','dickinson.harry@example.com','1-881-758-4','cd0249f03f30a07e94094fab45d0a2c78965cc95','1993-05-04 03:19:54');
/*!40000 ALTER TABLE `users` ENABLE KEYS */;
UNLOCK TABLES;
/*!40103 SET TIME_ZONE=@OLD_TIME_ZONE */;

/*!40101 SET SQL_MODE=@OLD_SQL_MODE */;
/*!40014 SET FOREIGN_KEY_CHECKS=@OLD_FOREIGN_KEY_CHECKS */;
/*!40014 SET UNIQUE_CHECKS=@OLD_UNIQUE_CHECKS */;
/*!40101 SET CHARACTER_SET_CLIENT=@OLD_CHARACTER_SET_CLIENT */;
/*!40101 SET CHARACTER_SET_RESULTS=@OLD_CHARACTER_SET_RESULTS */;
/*!40101 SET COLLATION_CONNECTION=@OLD_COLLATION_CONNECTION */;
/*!40111 SET SQL_NOTES=@OLD_SQL_NOTES */;

-- Dump completed on 2021-04-07  7:19:12
